rank,uri,artist_names,track_name,source,peak_rank,previous_rank,weeks_on_chart,streams
1,"spotify:track:7so0lgd0zP2Sbgs2d7a1SZ","Lady Gaga, Bruno Mars","Die With A Smile","Interscope Records",1,1,37,"39751230"
2,"spotify:track:2RkZ5LkEzeHGRsmDqKwmaJ","Alex Warren","Ordinary","Atlantic Records",2,2,12,"36407638"
3,"spotify:track:6dOtVTDdiauQNBQEDOtlAB","Billie Eilish","BIRDS OF A FEATHER","Darkroom/Interscope Records",1,3,50,"34147479"
4,"spotify:track:4wJ5Qq0jBN4ajy7ouZIV1c","ROSÉ, Bruno Mars","APT.","Atlantic Records",1,4,28,"29287209"
5,"spotify:track:6iOndD4OFo7GkaDypWQIou","W Sound, Beéle, Ovy On The Drums","La Plena - W Sound 05","WEA Latina",5,9,9,"26563244"
6,"spotify:track:7ne4VBA60CxGM75vw0EYad","Gracie Abrams","That’s So True","Gracie Abrams, under exclusive license to Interscope Records",3,7,28,"25807056"
7,"spotify:track:0fK7ie6XwGxQTIkpFoWkd1","JENNIE","like JENNIE","OA Entertainment/Columbia",6,6,8,"25523608"
8,"spotify:track:2CGNAOSuO1MEFCbBRgUzjd","Kendrick Lamar, SZA","luther (with sza)","pgLang, under exclusive license to Interscope Records",2,5,23,"25234780"
9,"spotify:track:21IYMdzTrzSe191Cy5eMap","Gigi Perez","Sailor Song","Outtahere, LLC / Island Records",7,8,37,"23718761"
10,"spotify:track:3xkHsmpQCBMytMJNiDf3Ii","Benson Boone","Beautiful Things","Night Street Records, Inc./Warner Records Inc.",1,10,67,"22254572"
11,"spotify:track:3sK8wGT43QFpWrvNQsrQya","Bad Bunny","DtMF","Rimas Entertainment LLC.",1,11,17,"22016188"
12,"spotify:track:35ISBknsCeZQtq66xABI9g","Lola Young","Messy","Universal-Island Records Ltd.",7,12,21,"21614241"
13,"spotify:track:3QaPy1KgI7nu9FJEQUgn6h","Billie Eilish","WILDFLOWER","Darkroom/Interscope Records",9,13,50,"21568146"
14,"spotify:track:2HRqTpkrJO5ggZyyK6NPWz","Sabrina Carpenter","Espresso","Island Records",1,14,55,"20918543"
15,"spotify:track:78HEzDEs1QUnHB2DbxgC1s","Alemán, Neton Vega","Te Quería Ver","HOMEGROWN MAFIA S.A. DE C.V./Sony Music México-Latin",15,17,12,"20886731"
16,"spotify:track:0FTmksd2dxiE5e3rWyJXs6","sombr","back to friends","Warner Records",16,25,6,"20495023"
17,"spotify:track:3LPLRNr58Z9Pn0clnEtkXb","Doechii","Anxiety","Top Dawg Entertainment/Capitol Records",3,15,8,"20273842"
18,"spotify:track:7tI8dRuH2Yc6RuoTjxo4dU","Jimin","Who","BIGHIT MUSIC",1,18,41,"20005056"
19,"spotify:track:2jNyiavSywmA472t2m6ZBz","Lorde","What Was That","Universal Music New Zealand Limited",19,-1,1,"19796122"
20,"spotify:track:2LHNTC9QZxsL3nWpt8iaSR","Lady Gaga","Abracadabra","Interscope Records",7,16,13,"19773760"
21,"spotify:track:1UPB5rYJ0bzn6mNSoAHrZC","NIKI","You'll Be in My Heart","88rising Music",19,19,5,"19091385"
22,"spotify:track:5ITV0zqzjOYfFWpW0xBmRa","WizTheMc, bees & honey","Show Me Love","Bamboo Artists",22,24,8,"18969168"
23,"spotify:track:2lTm559tuIvatlT1u0JYG2","Bad Bunny","BAILE INoLVIDABLE","Rimas Entertainment LLC.",4,21,17,"18737557"
24,"spotify:track:0FIDCNYYjNvPVimz5icugS","The Weeknd, Playboi Carti","Timeless (feat Playboi Carti)","XO / Republic Records",3,20,31,"18656557"
25,"spotify:track:2u9S9JJ6hTZS3Vf22HOZKg","Drake","NOKIA","OVO Sound",18,22,11,"18634658"
26,"spotify:track:4oB8Xd7gMlUEtWoD8bmCXW","Neton Vega, Peso Pluma","Morena","Josa Records",26,31,11,"17367188"
27,"spotify:track:17phhZDn6oGtzMe56NuWvj","Teddy Swims","Lose Control","Warner Records",5,30,77,"17326604"
28,"spotify:track:0WbMK4wrZ1wFSty9F7FCgu","Chappell Roan","Good Luck, Babe!","Chappell Roan PS/ Island",6,27,55,"17286254"
29,"spotify:track:3GCdLUSnKSMJhs4Tj6CV3s","Kendrick Lamar, SZA","All The Stars (with SZA) - From ""Black Panther: The Album""","Black Panther (TDE/DMG) PS",2,29,98,"17219608"
30,"spotify:track:7CyPwkp0oE8Ro9Dd5CUDjW","The Weeknd, JENNIE, Lily-Rose Depp","One Of The Girls (with JENNIE, Lily Rose Depp)","XO / Republic Records",3,26,82,"17033687"
31,"spotify:track:6AI3ezQ4o3HUoP6Dhudph3","Kendrick Lamar","Not Like Us","Kendrick Lamar, under exclusive license to Interscope Records",2,28,52,"16749789"
32,"spotify:track:0DMJz677XfXiiruhIELu2e","Jombriel, DFZM, Jøtta","VITAMINA","WEA Latina",32,35,8,"16642317"
33,"spotify:track:6Qyc6fS4DsZjB2mRW9DsQs","The Goo Goo Dolls","Iris","Warner Records",32,36,87,"16450315"
34,"spotify:track:5UJbgR4XF4y1DvbkxEqe8S","Tate McRae","Sports car","RCA Records Label",16,23,14,"16334148"
35,"spotify:track:4AajxCEwGEsmHmT4H1TwjY","sombr","undressed","Warner Records",35,46,5,"16167961"
36,"spotify:track:6J5kc12BW5HuP3d7C3vvx8","Bad Bunny","EoO","Rimas Entertainment LLC.",9,33,17,"16026033"
37,"spotify:track:6393yGahSJ9slVdOwSxOVR","Chappell Roan","Pink Pony Club","Chappell Roan PS/ Island",24,34,36,"15893511"
38,"spotify:track:3siwsiaEoU4Kuuc9WKMUy5","The Marías","No One Noticed","Nice Life/Atlantic",37,37,24,"15682345"
39,"spotify:track:4WFgvKVfEhb3IUAFGrutTR","Ravyn Lenae","Love Me Not","Atlantic Records",39,60,6,"15577740"
40,"spotify:track:3hRV0jL3vUpRrcy398teAU","Lord Huron","The Night We Met","Play It Again Sam",15,39,132,"15496251"
41,"spotify:track:2wG1mwTiuvqll9YYLMjSaY","ATLXS","PASSO BEM SOLTO - Slowed","broke",41,41,5,"15460538"
42,"spotify:track:5XeFesFbtLpXzIVDNQP22n","Arctic Monkeys","I Wanna Be Yours","Domino Recording Co",15,38,147,"15443981"
43,"spotify:track:4DnrAI8WyUY6gkOwl8GlPN","Alleh, Yorghaki","capaz (merengueton)","La Ciudad",36,40,19,"14897120"
44,"spotify:track:6WatFBLVB0x077xWeoVc2k","KAROL G","Si Antes Te Hubiera Conocido","Bichota/Interscope Records",5,43,45,"14855206"
45,"spotify:track:5tlb0AxuzsMWL2GtEppXGX","Cup of Joe","Multo","Viva Records",30,32,4,"14697847"
46,"spotify:track:0cQVqPuHQP4KEwc7ZUQmj6","The Neighbourhood","Sweater Weather","Columbia",16,44,244,"14661077"
47,"spotify:track:5G2f63n7IPVPPjfNIGih7Q","Sabrina Carpenter","Taste","Island Records",3,42,36,"14543076"
48,"spotify:track:3D24ErT1MMmUfXWotSj2A2","Fuerza Regida, Grupo Frontera","ME JALO","Rancho Humilde/Streetmob Records/Grupo Frontera/Sony Music Latin",41,51,18,"14515738"
49,"spotify:track:2RdEC8Ff83WkX7kDVCHseE","Charli xcx","party 4 u","Atlantic Records UK",49,132,2,"14267576"
50,"spotify:track:3be9ACTxtcL6Zm4vJRUiPG","yung kai","blue","BMG Rights Management (US) LLC",25,45,22,"14007147"
51,"spotify:track:5jHozZMWbrExAFni95mvvH","Fuerza Regida","Por Esos Ojos","Rancho Humilde/Street Mob Records/Sony Music Latin",41,62,11,"14002035"
52,"spotify:track:1JSTJqkT5qHq8MDJnJbRE1","The Police","Every Breath You Take","Polydor Records",40,47,177,"13824622"
53,"spotify:track:5HZBdV5AwSvKdHFOYbXYD7","Los Dareyes De La Sierra, Tito Double P","Vita Fer","Double P Records",53,87,4,"13733629"
54,"spotify:track:0auX6W6oLjO9cHmx4UTaNj","d4vd","Feel It","Darkroom/Interscope Records",54,55,15,"13586513"
55,"spotify:track:2esZG2XFtuoWWA9AfDvSxy","FloyyMenor, Cris MJ","Gata Only","FloyyMenor under exclusive license to UnitedMasters LLC",3,49,64,"13579206"
56,"spotify:track:7KA4W4McWYRpgf0fWsJZWB","Tyler, The Creator, Kali Uchis","See You Again (feat. Kali Uchis)","Columbia",16,53,114,"13409704"
57,"spotify:track:3AJwUDP919kvQ9QcozQPxg","Coldplay","Yellow","Parlophone UK",19,52,228,"13360161"
58,"spotify:track:3BntzKsnLf2pc0dsvE3Zav","Teddy Swims","Bad Dreams","Warner Records",50,50,26,"13332871"
59,"spotify:track:19XpFsce28aByvCC4g89tJ","Hozier","Too Sweet","Rubyworks / Universal-Island Records Ltd",2,57,58,"13270592"
60,"spotify:track:5TFD2bmFKGhoCRbX61nXY5","Bad Bunny","NUEVAYoL","Rimas Entertainment LLC.",5,56,17,"13105115"
61,"spotify:track:0aB0v4027ukVziUGwVGYpG","Kendrick Lamar, Lefty Gunplay","tv off (feat. lefty gunplay)","pgLang, under exclusive license to Interscope Records",7,48,23,"13080853"
62,"spotify:track:541sN2qNfIlllGn9nGOQoC","Tate McRae","Revolving door","RCA Records Label",23,67,10,"13044151"
63,"spotify:track:4eLDmhsJW3JoZTXCAozHor","Neton Vega","Loco","Josa Records",16,54,18,"12944457"
64,"spotify:track:3KgHiAVuP88QoQs9CO4z1P","Tito Double P","TATTOO","Double P Records",24,58,9,"12941634"
65,"spotify:track:0L5gbpFGU06vqSHacOxgka","Clave Especial, Edgardo Nuñez","TU TU TU","WEA Latina",65,135,3,"12769350"
66,"spotify:track:1mea3bSkSGXuIRvnydlB5b","Coldplay","Viva La Vida","Parlophone UK",31,69,140,"12746412"
67,"spotify:track:4N1dogCaVWnGyFdPjdqNWF","Clave Especial, Fuerza Regida","COMO CAPO","WEA Latina",67,88,5,"12746270"
68,"spotify:track:7d6yK8v8J484SWH5prIQiE","Bad Bunny, Omar Courtz, Dei V","VeLDÁ","Rimas Entertainment LLC.",9,63,17,"12677912"
69,"spotify:track:3x3K1RP3Zfi2qeMR8kyrNO","Benson Boone","Sorry I'm Here For Someone Else","Night Street Records, Inc./Warner Records Inc.",69,76,8,"12626142"
70,"spotify:track:5fZJQrFKWQLb7FpJXZ1g7K","Shaboozey","A Bar Song (Tipsy)","American Dogwood / EMPIRE",6,72,55,"12446006"
71,"spotify:track:0l0vcZMU7AOeQmUIREoI2U","Rauw Alejandro, Bad Bunny","Qué Pasaría...","Sony Music Latin/Duars Entertainment",17,70,24,"12405640"
72,"spotify:track:4e6TmHCC4PRUj75knNplNP","Fourtwnty, Charita Utami","Mangu","Fourtwnty Music",72,155,2,"12393899"
73,"spotify:track:6uroNiDEDd0xFLiri0aQNk","Esau Ortiz","Triple Lavada","ESAU ORTIZ AZUARA/Sony Music Latin",73,78,3,"12391431"
74,"spotify:track:2tHwzyyOLoWSFqYNjeVMzj","Sabrina Carpenter","Please Please Please","Island Records",1,59,47,"12382232"
75,"spotify:track:7EW7Yivb93qKAtp5qEm5of","Lil Tecca","Dark Thoughts","Galactic / Republic Records",23,65,7,"12360841"
76,"spotify:track:3t72JCbFJ3syOhFC7x9Pa4","Neton Vega","M&M","Josa Records",60,68,10,"12354036"
77,"spotify:track:51ZQ1vr10ffzbwIjDCwqm4","Ariana Grande","we can't be friends (wait for your love)","Republic Records",1,66,60,"12346243"
78,"spotify:track:7ricDBUakN3N0YkkKE8Obu","Beéle, Ovy On The Drums","mi refe","5020 Records",55,71,17,"12310717"
79,"spotify:track:58ge6dfP91o9oXMzq3XkIS","Arctic Monkeys","505","Domino Recording Co",43,73,173,"12225372"
80,"spotify:track:0GRc3eGTg8HBdWLRGYgqIc","Ed Sheeran","Azizam","Gingerbread Man Records / Atlantic Records UK",43,94,4,"12038497"
81,"spotify:track:59D4DOkspUbWyMmbAPQkxZ","Bad Bunny","VOY A LLeVARTE PA PR","Rimas Entertainment LLC.",8,61,17,"12032887"
82,"spotify:track:7BqBn9nzAq8spo5e7cZ0dJ","Bruno Mars","Just the Way You Are","Elektra (NEK)",34,75,121,"11899088"
83,"spotify:track:2FAZskT9yRjp2Oow9szJD8","Chrystal, NOTION","The Days - NOTION Remix","Polydor Records",55,91,17,"11774737"
84,"spotify:track:1QV6tiMFM6fSOKOGLMHYYg","Lady Gaga","Poker Face","Streamline/Interscope",77,77,15,"11609327"
85,"spotify:track:2HRgqmZQC0MC7GeNuDIXHN","Jung Kook, Latto","Seven (feat. Latto) (Explicit Ver.)","BIGHIT MUSIC",1,81,94,"11490902"
86,"spotify:track:5g7sDjBhZ4I3gcFIpkrLuI","Bruno Mars","Locked out of Heaven","Atlantic Records",23,82,151,"11434772"
87,"spotify:track:3qhlB30KknSejmIvZZLjOD","Djo","End of Beginning","Djo",3,84,63,"11350782"
88,"spotify:track:221eHga9f9Ne4f8D7WVgPT","Benson Boone","Mystical Magical","Night Street Records, Inc./Warner Records Inc.",88,-1,1,"11327223"
89,"spotify:track:0b0Dz0Gi86SVdBxYeiQcCP","Sabrina Carpenter","Busy Woman","Island Records",25,80,11,"11195142"
90,"spotify:track:70LcF31zb1H0PyJoS1Sx1r","Radiohead","Creep","XL Recordings",90,90,74,"11132663"
91,"spotify:track:4XTgFBxBHN6var1BzAgE1m","Maanu, Annural Khalid","Jhol","Giraffe Music",83,83,5,"11058024"
92,"spotify:track:5IZXB5IKAD2qlvTPJYDCFB","Post Malone, Morgan Wallen","I Had Some Help (Feat. Morgan Wallen)","Mercury Records / Republic Records",3,79,51,"11019000"
93,"spotify:track:7MXVkk9YMctZqd1Srtv4MB","The Weeknd, Daft Punk","Starboy","Universal Republic Records",1,85,239,"11008996"
94,"spotify:track:3rUGC1vUpkDG9CZFHMur1t","Tate McRae","greedy","RCA Records Label",1,95,79,"10720613"
95,"spotify:track:5Z75FvRFiultmPFWHx5jQ7","Gabito Ballesteros, Tito Double P","7 DIAS","Los CT Records",24,92,13,"10602337"
96,"spotify:track:1PREzVLuDT6PSE9sej4wnV","Fuerza Regida, Grupo Frontera","COQUETA","Rancho Humilde/Streetmob Records/Grupo Frontera/Sony Music Latin",96,170,2,"10595893"
97,"spotify:track:7hNgSEQ4Ho7kWBA2rKpDd9","Oscar Maydon, Neton Vega","Amigos? No.","Rancho Humilde/Sony Music Latin",97,113,7,"10588840"
98,"spotify:track:2a1o6ZejUi8U3wzzOtCOYw","Don Omar, Lucenzo","Danza Kuduro","UMLE - Machete",91,112,72,"10534447"
99,"spotify:track:51rfRCiUSvxXlCSCfIztBy","Gracie Abrams","I Love You, I'm Sorry","Gracie Abrams, under exclusive license to Interscope Records",16,89,39,"10478028"
100,"spotify:track:7qiZfU4dY1lWllzX7mPBI3","Ed Sheeran","Shape of You","Atlantic Records UK",1,101,360,"10456626"
101,"spotify:track:1oAwsWBovWRIp7qLMGPIet","Cigarettes After Sex","Apocalypse","Partisan Records",62,93,146,"10449910"
102,"spotify:track:2tpWsVSb9UEmDRxAl1zhX1","OneRepublic","Counting Stars","Mosley / Interscope",86,97,210,"10418005"
103,"spotify:track:7jtQIBanIiJOMS6RyCx6jZ","Tom Odell","Another Love","ITNO/Columbia",15,107,212,"10396567"
104,"spotify:track:6RUKPb4LETWmmr3iAEQktW","The Chainsmokers, Coldplay","Something Just Like This","Disruptor Records/Columbia",2,104,257,"10252860"
105,"spotify:track:63Pi2NAx5yCgeLhCTOrEou","Imogen Heap","Headlock","Megaphonic",69,96,17,"10214139"
106,"spotify:track:1edcyazKIdKrIuz9cWpXU6","Ariana Grande","twilight zone","Republic Records",9,74,5,"10171430"
107,"spotify:track:2uXlHCUbq9OMUwx3hrk06o","Vance Joy","Riptide","Atlantic Records",30,99,220,"10165204"
108,"spotify:track:2OxvanM5m1Na9OVlXyXmUp","Raim Laode","Lesung Pipi","Raim Laode",86,86,3,"10141202"
109,"spotify:track:5TTGoX70AFrTvuEtqHK37S","Arctic Monkeys","No. 1 Party Anthem","Domino Recording Co",80,100,25,"10096650"
110,"spotify:track:0tgVpDi06FyKpA1z0VMD4v","Ed Sheeran","Perfect","Atlantic Records UK",4,116,393,"10076096"
111,"spotify:track:5ThyDv6aRVU8AH4vXQNldF","Kushagra, Bharath, Saaheal","Finding Her","EYP Creations",98,98,3,"10043327"
112,"spotify:track:22skzmqfdWrjJylampe0kt","Macklemore, Ryan Lewis, Macklemore & Ryan Lewis, Ray Dalton","Can't Hold Us (feat. Ray Dalton)","Macklemore",86,120,160,"10007476"
113,"spotify:track:5O2P9iiztwhomNh8xkR9lJ","One Direction","Night Changes","Syco Music",8,115,131,"9970725"
114,"spotify:track:75JFxkI2RXiU7L9VXzMkle","Coldplay","The Scientist","Parlophone Records Limited",96,103,54,"9948590"
115,"spotify:track:2nLtzopw4rPReszdYBJU6h","Linkin Park","Numb","Warner Records",24,114,61,"9917710"
116,"spotify:track:6jbYpRPTEFl1HFKHk1IC0m","Tyler, The Creator, Lola Young","Like Him (feat. Lola Young)","Columbia",27,118,27,"9854182"
117,"spotify:track:0VjIjW4GlUZAMYd2vXMi3b","The Weeknd","Blinding Lights","Republic Records",1,110,283,"9835328"
118,"spotify:track:0ll8uFnc0nANY35E0Lfxvg","Keane","Somewhere Only We Know","Universal-Island Records Ltd.",80,133,127,"9812443"
119,"spotify:track:0IsIY8pfu1yaGkPUD7pkDx","Charli xcx, Billie Eilish","Guess featuring billie eilish","Atlantic Records",5,105,39,"9790574"
120,"spotify:track:7BRD7x5pt8Lqa1eGYC4dzj","Billie Eilish","CHIHIRO","Darkroom/Interscope Records",5,117,50,"9780995"
121,"spotify:track:3zEN0ii6s4DHHBpnTp3RP7","Empire Of The Sun","We Are The People","EMI Recorded Music Australia Pty Ltd",94,108,7,"9776660"
122,"spotify:track:0ofHAoxe9vBkTCp2UQIavz","Fleetwood Mac","Dreams - 2004 Remaster","Rhino/Warner Records",20,106,100,"9773602"
123,"spotify:track:4QNpBfC0zvjKqPJcyqBy9W","Pitbull, AFROJACK, Ne-Yo, Nayer","Give Me Everything (feat. Nayer)","Mr.305/Polo Grounds Music/J Records",72,122,34,"9765444"
124,"spotify:track:1BxfuPKGuaTgP7aM0Bbdwr","Taylor Swift","Cruel Summer","Taylor Swift",2,123,117,"9716696"
125,"spotify:track:2SkB7jADnfiWH8qAE9H8cO","Xavi, Manuel Turizo","En Privado","Interscope Records",98,145,6,"9668853"
126,"spotify:track:5ceKWhT3J34xxw5uzIzgU9","Morgan Wallen, Post Malone","I Ain't Comin' Back (feat. Post Malone)","Big Loud Records / Mercury Records / Republic Records",64,64,2,"9664374"
127,"spotify:track:1ulH5PIntNj0ro2K69W4Fx","Sleep Token","Damocles","Sleep Token/RCA Records",127,-1,1,"9652861"
128,"spotify:track:60a0Rd6pjrkxjPbaKzXjfq","Linkin Park","In the End","Warner Records",22,154,89,"9632313"
129,"spotify:track:0QkWikH5Z3U0f79T9iuF6c","Lady Gaga","Judas","Interscope",126,126,2,"9617058"
130,"spotify:track:4iZ4pt7kvcaH6Yo8UoZ4s2","SZA","Snooze","Top Dawg Entertainment/RCA Records",27,124,114,"9597205"
131,"spotify:track:3U5JVgI2x4rDyHGObzJfNf","Natasha Bedingfield","Unwritten","Sony Music CG",16,130,54,"9433570"
132,"spotify:track:5RKQ5NdjSh2QzD4MaunT91","Journey","Don't Stop Believin' (2022 Remaster)","Columbia/Legacy",89,141,59,"9400443"
133,"spotify:track:3dYD57lRAUcMHufyqn9GcI","Hozier","Take Me To Church","Universal-Island Records Ltd.",108,127,188,"9397183"
134,"spotify:track:0B7wvvmu9EISAwZnOpjhNI","Bruno Mars","When I Was Your Man","Atlantic Records",38,119,130,"9375659"
135,"spotify:track:6fxVffaTuwjgEk5h9QyRjy","Ed Sheeran","Photograph","Atlantic Records UK",41,143,180,"9229801"
136,"spotify:track:1YYfyJ2yCvGFCxwjsIqEK9","Rauw Alejandro, Romeo Santos","Khé?","Sony Music Latin/Duars Entertainment",22,125,24,"9183687"
137,"spotify:track:0eaVIYo2zeOaGJeqZ5TwYz","Don Toliver","No Pole","Cactus Jack / Atlantic",72,128,25,"9174692"
138,"spotify:track:2LBqCSwhJGcFQeTHMVGwy3","The Weeknd","Die For You","Universal Republic Records",12,129,168,"9173598"
139,"spotify:track:0gucTLf7trAf37Ua1uAyAu","Nirvana","Smells Like Teen Spirit","Geffen",103,148,103,"9162290"
140,"spotify:track:4MUrUT38U98olfnyzMBCzm","Bad Bunny","KLOuFRENS","Rimas Entertainment LLC.",19,137,17,"9122838"
141,"spotify:track:50zAEIE4B1QqhPjRMK2Xmh","Jin","Running Wild","BIGHIT MUSIC",10,111,24,"9119594"
142,"spotify:track:4Dvkj6JhhA12EX05fT7y2e","Harry Styles","As It Was","Columbia",1,157,159,"9104218"
143,"spotify:track:0KKkJNfGyhkQ5aFogxQAPU","Bruno Mars","That's What I Like","Atlantic Records",6,138,142,"9101377"
144,"spotify:track:3avYqdwHKEq8beXbeWCKqJ","Katy Perry","Last Friday Night (T.G.I.F.)","Capitol Records",144,164,3,"9092488"
145,"spotify:track:1dzQoRqT5ucxXVaAhTcT0J","Lady Gaga, Colby O'Donis","Just Dance","Streamline/Interscope",145,149,3,"9039969"
146,"spotify:track:003vvx7Niy0yvhvHt4a68B","The Killers","Mr. Brightside","Island Records",94,142,166,"9028863"
147,"spotify:track:1FEiijYPJtyswChfcpv3p0","Lana Del Rey","Summertime Sadness","Urban",83,146,125,"8993862"
148,"spotify:track:2HbKqm4o0w5wEeEFXm2sD4","Kendrick Lamar, Jay Rock","Money Trees","Aftermath",47,152,68,"8973890"
149,"spotify:track:5LHPcY9yd0hWVFIW4yfOCJ","Chuyin, Fuerza Regida, Jorsshh, Calle 24","Pika Pika","Street Mob Records",88,-1,12,"8946964"
150,"spotify:track:3dj4wgM3cPeuLwMNHDuBon","Teddy Swims","The Door","Warner Records",115,147,33,"8936093"
151,"spotify:track:3M0lSi5WW79CXQamgSBIjx","Chase Atlantic","Swim","Warner Records",52,159,30,"8930888"
152,"spotify:track:4zbEItKoaRId1vRZkoO0Uh","Danny Ocean, Kapo","Imagínate","Atlantic Records",42,161,18,"8922211"
153,"spotify:track:5Fhr3wqeieN5WDkAsqL1JJ","j-hope","MONA LISA","BIGHIT MUSIC",27,102,6,"8908957"
154,"spotify:track:2uvE4L5ZsYKpv8hbK4TIOt","Leon Thomas","MUTT","EZMNY Records/Motown Records",121,121,4,"8903823"
155,"spotify:track:5lKFO0PrOC9jmOlPEdjHsL","Tito Double P, Peso Pluma","DOS DÍAS","2024 Double P Records",31,131,35,"8900753"
156,"spotify:track:1cOboCuWYI2osTOfolMRS6","Oscar Maydon, Fuerza Regida","Tu Boda","Rancho Humilde/Sony Music Latin",5,144,30,"8882482"
157,"spotify:track:7bywjHOc0wSjGGbj04XbVi","Feid, ATL Jacob","LUNA","UMLE - Latino",9,139,73,"8821296"
158,"spotify:track:0FDzzruyVECATHXKHFs9eJ","Coldplay","A Sky Full of Stars","Parlophone UK",83,160,41,"8798568"
159,"spotify:track:07bruo5RoHasGqnun1Z31S","Neton Vega, Tito Double P","Chiquita","Josa Records",159,174,3,"8797373"
160,"spotify:track:0dS2u2UFd88TIzDDaZDLvS","d4vd","Here With Me","Darkroom/Interscope Records",14,190,72,"8698377"
161,"spotify:track:5EcG8eMMlwkHRVa4aTR1qd","Rihanna","Breakin' Dishes","Def Jam Recordings",89,165,18,"8698059"
162,"spotify:track:7BKLCZ1jbUBVqRi2FVlTVw","The Chainsmokers, Halsey","Closer","Disruptor Records/Columbia",2,182,199,"8691589"
163,"spotify:track:0SiywuOBRcynK0uKGWdCnn","Lady Gaga","Bad Romance","Interscope",163,163,3,"8679251"
164,"spotify:track:51eSHglvG1RJXtL3qI5trr","Benson Boone","Slow It Down","Night Street Records, Inc./Warner Records Inc.",27,168,52,"8668955"
165,"spotify:track:4LMlVCXHJtCE9abhmn0mYo","Afusic, AliSoomroMusic","Pal Pal","Afusic",151,151,2,"8653888"
166,"spotify:track:1DpC4L3JjsGRW7y6eTHaMj","Selena Gomez, benny blanco, The Marías","Ojos Tristes (with The Marías)","SMG Music LLC & Friends Keep Secrets under exclusive license to Interscope Records",63,109,6,"8642488"
167,"spotify:track:7G7mSV4BebkoHWwKTDvXu9","V, Park Hyo Shin","Winter Ahead (with PARK HYO SHIN)","BIGHIT MUSIC",21,156,22,"8640141"
168,"spotify:track:0fea68AdmYNygeTGI4RC18","J Balvin, Bad Bunny","LA CANCIÓN","Universal Music Latino / Rimas",17,-1,115,"8628445"
169,"spotify:track:0d28khcov6AiegSCpG5TuT","Gorillaz, De La Soul","Feel Good Inc.","Parlophone UK",104,171,23,"8591729"
170,"spotify:track:1Cbl3Yq8rHo7hhDQmLQagU","Tyla","PUSH 2 START","FAX Records/Epic",61,176,16,"8576101"
171,"spotify:track:1XGmzt0PVuFgQYYnV2It7A","Maroon 5, Wiz Khalifa","Payphone","Interscope Records*",70,185,55,"8528668"
172,"spotify:track:1BJJbSX6muJVF2AK7uH1x4","Adam Port, Stryv, Keinemusik, Orso, Malachiii","Move","Keinemusik",19,-1,27,"8522219"
173,"spotify:track:02Ya2Q08bBKFqUJvjmyRXK","Morgan Wallen","Just In Case","Mercury Records/Morgan Wallen",105,158,6,"8513951"
174,"spotify:track:4EIFwndJvGpgFjsEbNuYif","JENNIE, Doechii","ExtraL (feat. Doechii)","OA Entertainment/Columbia",26,136,10,"8506863"
175,"spotify:track:0COqiPhxzoWICwFCS4eZcp","Evanescence","Bring Me To Life","The Bicycle Music Company",174,181,4,"8503715"
176,"spotify:track:3Vr3zh0r7ALn8VLqCiRR10","Myles Smith","Stargazing","RCA Records Label",16,-1,42,"8477309"
177,"spotify:track:3xKsf9qdS1CyvXSMEid6g8","Frank Ocean","Pink + White","Boys Don't Cry",67,178,102,"8465816"
178,"spotify:track:4SqWKzw0CbA05TGszDgMlc","The Walters","I Love You So","Warner Records",21,162,155,"8464054"
179,"spotify:track:38WyDtxZhxm63jiythwemE","Lorde","Ribs","Universal Music New Zealand Limited",179,-1,1,"8463008"
180,"spotify:track:7lQ8MOhq6IN2w8EYcFNSUk","Eminem","Without Me","Eminem Catalog PS",31,183,188,"8422981"
181,"spotify:track:7D0RhFcb3CrfPuTJ0obrod","Coldplay","Sparks","Parlophone UK",90,-1,38,"8414292"
182,"spotify:track:0u2P5u6lvoDfwTYjAADbn4","Billie Eilish, Khalid","lovely (with Khalid)","Darkroom",24,172,366,"8369226"
183,"spotify:track:5nPbKG04fhLkIAjcPFaZq7","HUGEL, Topic, Arash, Daecolm","I Adore You (feat. Daecolm)","Intercord",183,-1,1,"8368647"
184,"spotify:track:3ZFTkvIE7kyPt6Nu3PEa7V","Shakira, Wyclef Jean","Hips Don't Lie (feat. Wyclef Jean)","Epic",82,-1,25,"8367829"
185,"spotify:track:0lYBSQXN6rCTvUZvg9S0lU","DJ Snake, Justin Bieber","Let Me Love You","DJ Snake Def Jam",4,189,55,"8361675"
186,"spotify:track:6v5qt5KPQHJt5ckWuhDGtM","Victor Valverde, JR Torres","El Mayor De Los Ranas","Vim Music",109,177,10,"8359319"
187,"spotify:track:7snQQk1zcKl8gZ92AnueZW","Guns N' Roses","Sweet Child O' Mine","Guns N Roses P&D",101,-1,23,"8353279"
188,"spotify:track:0LTwdL5yZ6YOTEGUQPFuSN","Tito Double P","ROSONES","Double P Records",17,167,21,"8336798"
189,"spotify:track:2nMeu6UenVvwUktBCpLMK9","Lana Del Rey","Young And Beautiful","Polydor Records",155,195,12,"8292081"
190,"spotify:track:4RvWPyQ5RL0ao9LPZeSouE","Tears For Fears","Everybody Wants To Rule The World","UMC (Universal Music Catalogue)",91,191,112,"8249895"
191,"spotify:track:3CRDbSIZ4r5MsZ0YwxuEkn","Twenty One Pilots","Stressed Out","Fueled By Ramen",63,188,57,"8236884"
192,"spotify:track:7sd6zMrgGpEa7NkQm9TRrg","Tito Double P","NADIE","Double P Records",37,173,23,"8216486"
193,"spotify:track:0RiRZpuVRbi7oqRdSMwhQY","Post Malone, Swae Lee","Sunflower - Spider-Man: Into the Spider-Verse","Republic Records",1,184,317,"8207024"
194,"spotify:track:0nrRP2bk19rLc0orkWPQk2","Avicii","Wake Me Up","Pophouse Entertainment Group",13,-1,114,"8204239"
195,"spotify:track:0pqnGHJpmpxLKifKRmU6WP","Imagine Dragons","Believer","Kid Ina Korner / Interscope",16,-1,409,"8196823"
196,"spotify:track:5FVd6KXrgO9B3JPmC8OPst","Arctic Monkeys","Do I Wanna Know?","Domino Recording Co",98,197,144,"8190581"
197,"spotify:track:4vHRQnzGcKEtqsLH70tAms","Sachet-Parampara, Parampara Tandon, Kausar Munir","Raanjhan (From ""Do Patti"")","T-Series",95,134,6,"8177761"
198,"spotify:track:5uCax9HTNlzGybIStD3vDh","James Arthur","Say You Won't Let Go","Columbia",7,-1,335,"8170701"
199,"spotify:track:3B54sVLJ402zGa6Xm4YGNe","French Montana, Swae Lee","Unforgettable","Bad Boy Entertainment/Epic Records",3,-1,122,"8164587"
200,"spotify:track:5AEOqLsRJFAoSS4ay4Jzao","Nirvana","Come As You Are","Geffen",192,192,3,"8125298"
