artist_id,genres,followers,artist_popularity
2LRoIwlKmHjgvigdNGBHNo,reggaeton|urbano latino,19418229,88
46pWGuE3dSwY3bMMXGBvVS,afrobeats|afrobeat|afropop|afropiano,9490426,79
2RQXRUsr4IW1f3mKyKsy4B,,4619270,84
7iK8PXO48WeuP03g8YR51W,reggaeton|trap latino|urbano latino,22745294,87
06HL4z0CvFAxyc27GXpf02,,149529339,100
6HaGTQPmzraVmaVxvz6EUc,k-pop,19040560,82
2uYWxilOVlUdk4oV9DvwqK,,11283651,81
1McMsnEElThX1knmY4oliG,,50575213,87
6ltzsmQQbmdoHHbLZ4ZN25,,2256166,78
6KImCVD70vtIoJWnq6nGn3,,34480572,84
1r4hJ1h58CWwUQe3MxPuau,reggaeton|latin|urbano latino,39394438,86
6U3ybJ9UHNKEdsH7ktGBZ7,,2309341,76
1Cs0zKBU1kc0i8ypK3B9ai,edm,27421643,89
3JsHnjpbhX4SnySpvpa9DK,k-pop,20261423,78
3SozjO3Lat463tQICI9LcE,afrobeats,4144093,83
5YGY8feqx7naU7z4HrwZM6,,26918571,83
6M2wZ9GZgrQXHCFfjv46we,pop,47384859,88
40ZNYROS4zLfyyBSs2PGe2,country|red dirt,7600833,87
7Ln80lUS6He07XvHI8qqHH,indie|garage rock,32925225,87
33NVpKoXjItPwUJTMZIOiY,,2837965,73
5wCmhq5J2hPwL2r0eKurxn,hypertechno,96639,66
7tYKF4w9nC0nq9CsPZTHyP,r&b,34284030,90
6XkjpgcEsYab502Vr1bBeW,cumbia norteña|banda|norteño|música mexicana|corrido|corridos tumbados|grupera|tejano|ranchera,7839680,86
0jbo7KFNMiIkfBR6ih0yhm,,603171,65
45dkTj5sMRSjrmBSBeiHym,,9987007,91
3Me35AWHCGqW4sZ7bWWJt1,corridos tumbados|corrido|corridos bélicos|sad sierreño|música mexicana|banda|sierreño,8640060,77
12GqGscKJx3aE4t07u7eVZ,corrido|corridos tumbados|corridos bélicos|música mexicana|sad sierreño|banda,25156321,92
6qqNVTkY8uBg9cP3Jd7DAH,,121714334,93
0ys2OFYzWYB5hRDLCsBqxt,corrido|corridos tumbados|corridos bélicos|música mexicana|sierreño|banda|sad sierreño|electro corridos,21991362,92
7uMDnSZyUYNBPLhPMNuaM2,,588603,63
5cj0lLjcoR7YOSnhnX0Po5,,35648054,88
1Xyo4u8uXC1ZmMpatF05PJ,,116773681,96
2LIk90788K0zvyj2JJVwkJ,,4430570,78
4q3ewBCX7sLwd24euuV69X,reggaeton|trap latino|urbano latino|latin,106272827,99
6dLuQ5qXxIuWc5urxfIiZR,corrido|corridos tumbados|corridos bélicos|electro corridos|sad sierreño,3113270,79
2hlmm7s2ICUX0LVIhVFlZQ,melodic rap,10852188,87
790FomKkXshlbRYZFtlgla,reggaeton|latin|urbano latino,61975455,89
3JhNCzhSMTxs9WLGJJxWOY,,2906402,77
2jzc5TC5TVFLXQlBNiIUzE,new wave|synthpop,3023651,75
4V8LLVI7PbaPR0K2TGSxFF,,25404193,88
66ihevNkSYNzRAl44dx6jJ,banda|norteño|sierreño|corrido|ranchera|grupera|sad sierreño,18021430,85
74KM79TiuVKeVCqs8QtB0B,pop,28616507,93
35oGZihZclGoTVuICPXRP9,reggaeton chileno|chilean mambo|chilean trap|mambo|rkt|reggaeton,3413466,77
0du5cEVh5yTK9QJze8zA0C,,77707208,92
5wJ1H6ud777odtZl5gG507,bollywood|hindi pop,10032393,78
6TYimByryGphZCtwYopH0y,sertanejo|sertanejo universitário,6009473,77
1QAJqy2dA3ihHBFIHRphZj,dream pop,18067006,86
0tmwSHipWxN12fsoLcFU3B,reggaeton|pop urbano|latin|colombian pop,16007554,83
33qOK5uJ8AR2xuQQAhHump,,6075537,86
1oSPZhvZMIrWW5I41kPkkY,k-pop,11065517,81
2txHhyCwHjUEpJjWrEyqyX,,4409348,79
0Y5tJX1MQlPlqiwlOH1tJY,rap,42180792,92
7dGJo4pcD2V6oG8kP0tJRR,rap|hip hop,106493772,91
4ClziihVpBeFXNyDH83Lde,,1070743,59
3TVXtAsR1Inumwj472S9r4,rap,105795730,98
0iEtIxbK0KxaSlF7G42ZOp,,12060490,86
5pKCCKE2ajJHZ9KAiaK11H,,70716815,93
246dkjvS1zLTtiykXe5h60,,48069612,88
10exVja0key0uqUkk6LJRT,folk pop,3534098,76
0XeEobZplHxzM9QzFQWLiR,corridos tumbados|sad sierreño|corrido|sierreño|música mexicana|corridos bélicos,6523079,77
3qvcCP2J0fWi0m0uQDUf6r,sertanejo|sertanejo universitário|arrocha,10357239,79
4GNC7GD6oZMSxPGyXy4MNB,soft pop,14252244,81
0IhzJFf4QBEz0ifqLwScKV,brazilian funk|trap funk,1441016,61
0C0XlULifJtAgn6ZNCW2eu,alternative rock,8169774,80
0hCNtLu0JehylgoiP8L4Gh,,34464401,87
5K4W6rqBFWDnAN6FQUkS6x,rap,31742328,92
4gzpq5DPGxSnKTe4SA8HAU,,62028307,91
3PhoLpVuITZKcymswpck5b,,15879491,85
77SW9BnxLY8rJ0RciFqkHh,,22272653,86
52iwsT98xCoGgiGntTiR7K,,6611223,84
5Pwc4xIPtQLFEnJriah9YJ,soft pop,18988267,84
6HvZYsbFfjnjFrWF950C9d,k-pop,12138612,80
2mLA48B366zkELXYx7hcDN,,1081321,65
2h93pZq0e7k5yf4dywlkpM,,21000620,86
4yvcSjfu4PC0CYQyLy4wSq,,4624782,76
4Ga1P7PMIsmqEZqhYZQgDo,melodic rap|rap,10438832,81
0Y6dVaC9DZtPNH4591M42W,,13264413,83
1U1el3k54VvEUzo3ybLPlM,,9829477,85
4dpARuHxo51G3z768sgnrY,soft pop,68127613,86
00FQb4jTyendYWaN8pK0wa,,53820851,91
53XhwfbYqKCa1cC15pYq2q,,58896135,87
2cBh5lVMg222FFuRU7EfDE,,582959,68
1mcTU81TzQhprhouKaTkpq,reggaeton|urbano latino|trap latino|latin,32180918,90
4SpbR6yFEvexJuaBpgAU5p,k-pop,8649380,82
4Uc8Dsxct0oMqx0P6i60ea,,12745021,81
1NNRWkhwmcXRimFYSBpB1y,reggaeton mexa|reggaeton|electro corridos|dembow belico,487432,69
5y8tKLUfMvliMe8IKamR32,,4824421,79
027TpXKGwdXP7iwbjUSpV8,,1095225,71
7Gi6gjaWy3DxyilpF1a8Is,corridos tumbados|corrido|corridos bélicos|sad sierreño|sierreño|música mexicana|banda,29840845,90
4yjm4SvYqC5FFuLbB6TyHr,reggaeton mexa|reggaeton,1811861,67
4gdMJYnopf2nEUcanAwstx,indian indie|hindi indie|hindi pop,9174206,76
5HeN1Iza4nZe03sFlonddz,electro corridos|dembow belico|corrido|corridos tumbados|corridos bélicos,200873,61
4bthk9UfsYUYdcFyqxmSUU,new wave|synthpop,4245172,77
6Sbl0NT50roqWvy746MfVf,corrido|corridos tumbados|corridos bélicos|música mexicana|sad sierreño|sierreño|electro corridos|banda,6496123,81
6Ip8FS7vWT1uKkJSweANQK,grime|uk grime|uk drill|drill,6895681,81
1uNFoZAHBGtllmzznpCI3s,,86290147,94
4oUHIQIBe0LHzYfvXNW4QM,country,14593145,90
2tIP7SsRs7vjIcLrU85W8J,,6748260,82
4YRxDV8wJFPHPTeXepOstw,hindi pop|bollywood|desi|bangla pop,170375066,93
5NGO30tJxFlKixkPSgXcFE,,7835264,81
5TcnuUD5MHBfd1cO4kweWD,electro corridos|dembow belico|corrido|corridos tumbados|corridos bélicos,255327,60
53A0W3U0s8diEn9RhXQhVz,,4007483,76
1r43wW70tnGUauQYvY5w48,hypertechno|techno,309436,69
6l3HvQ5sa6mXTsMTB19rO5,rap,27479866,85
35WVTyRnKAoaGExqgktVyb,,1138893,74
6XyY86QOPPrYVGvF9ch6wz,nu metal|rap metal|rock|alternative metal,32770542,90
1TtXnWcUs0FCkaZDPGYHdf,reggaeton|trap latino|dembow|urbano latino,4979687,77
2YZyLoL8N0Wb9xBt1NhZWg,hip hop|west coast hip hop,45859305,91
2jSGzJw0ebJLu7OLVSOcBP,reggaeton,6949091,81
57vWImR43h4CaDao012Ofp,,6672312,80
33ScadVnbm2X8kkUqOkC6Z,reggaeton|urbano latino,17075042,85
164Uj4eKjl6zTBKfJLFKKK,,6095806,78
4GJ6xDCF5jaUqD6avOuQT6,k-pop,2054164,66
540vIaP2JwjQb9dm3aArA4,,9433380,81
5WUlDfRSoLAfcVSX1WnrxN,,30852501,88
1vCWHaC5f2uS3yhpwWbIA6,edm,23530612,82
3IYUhFvPQItj6xySrBmZkd,classic rock|southern rock|country rock,8127907,80
4Z8W4fKeB5YxbusRsdQVPb,art rock|alternative rock,14713015,88
0LcJLqbBmaGUft1e9Mm8HV,,15344671,84
4zoRNhOhsGX3w8yBAnFSQ8,,260318,61
5lpH0xAS4fVfLkACg9DAuM,christmas,3237556,82
2WzaAvm2bBCf4pEhyuDgCY,,4576816,72
1yxSLGMDHlW21z4YXirZDS,,9873866,84
360IAlyVv4PCEVjgyMZrxK,r&b,6301907,81
6eUKZXaKkcviH0Ku9w2n3V,soft pop,124234441,90
2sil8z5kiy4r76CRTXxBCA,,3691355,78
5XKFrudbV4IiuE5WuTPRmT,,1949841,74
2jku7tDXc6XoB6MO2hFuqg,,8544408,82
2FXC3k01G6Gw61bmprjgqS,,9270929,84
0n4Fao9kbjgM76RmVlfSwr,reggae,688865,59
4IWBUUAFIplrNtaOHcJPRM,soft pop,21139051,81
22wbnEMDvgVIAGdFeek6ET,,7526560,85
66CXWjxzNUsdJxJ2JdwvnR,pop,108966677,95
4AK6F7OLvEQ5QYCBNiQWHq,,40578323,85
04gDigrS5kc9YWfZHwBETP,pop,46468560,88
7jVv8c5Fj3E9VhNjxT4snq,,12324177,74
08GQAI4eElDnROBrJRGE0X,classic rock|yacht rock|soft rock,14420725,86
1URnnhqYAYcrqrcwql10ft,,24528147,88
181bsRPaVXVlUKXrxwZfHK,,11131603,79
23fqKkggKUBHNkbKtXEls4,tropical house,8696443,78
69GGBxA162lTqCwzJG5jLp,,21537206,83
3LZZPxNDGDFVSIPqf4JuEf,,5011727,74
0pWR7TsFhvSCnbmHDjWgrE,anime|j-pop|j-rap,2220144,71
69bG9tC62d8oTFC9aTTosn,,662707,70
7o95ZoZt5ZYn31e9z1Hc0a,,1939486,74
31TPClRtHm23RisEBtV3X7,,16171032,84
716NhGYqD1jl2wI1Qkgq36,argentine trap|trap latino|urbano latino,18444040,82
5fi7lIgJGH3RgUpJYcffQ7,,683363,63
2IKdK6PbitvCiXt1t2bPU6,rkt|turreo|argentine trap|trap,607425,60
0FvHxb8a4I0A2i8jKCsFei,electro corridos|dembow belico|corrido|corridos tumbados|corridos bélicos|banda,385338,60
19HM5j0ULGSmEoRcrSe5x3,argentine trap,9887351,85
1TA5sGRlKUJXBN4ZyJuDIX,reggaeton|urbano latino,9598207,85
0elWFr7TW8piilVRYJUe4P,corridos tumbados|corrido|corridos bélicos|sierreño|sad sierreño|electro corridos|música mexicana|banda,22675012,86
3koiLjNrgRTNbOwViDipeA,motown|classic soul|soul|northern soul|quiet storm,6096392,76
08PvCOlef4xdOr20jFSTPd,,1622542,70
2sF5nNXnrrsCPZlt8ZpyGd,rage rap,828913,68
4qU7IJSReZnsLy5907Mtau,,331254,68
0XwVARXT135rw8lyw1EeWP,banda|ranchera|mariachi|norteño|música mexicana|grupera,16265565,80
1r3tpVQ08jFAA2P4xzV5o4,,164645,59
4j96cMcT8GRi11qbvo1cLQ,,284211,66
7CvTknweLr9feJtRGrpDBy,reggaeton chileno,2319887,78
06nvjg4wBANK6DCHjqtPNd,,1547130,60
7dzq55YG3wjViqexDwiycQ,axé|pagode baiano|mpb|brazilian pop,2226968,67
6vXTefBL93Dj5IqAWq6OTv,,5933167,76
3egWSWp7Y4FyCKIyvXbw7L,italian trap,3350029,65
7tjVFCxJdwT4NdrTmjyjQ6,,1033883,68
6C2mFGFh8dz1vKp9l5Ce8P,techengue|latin house|tech house,36113,52
718COspgdWOnwOFpJHRZHS,country,13663887,85
5iot8OPcosJN9nCl7I5SdK,concerto,2286955,66
27LlKWxS3KXW7RRAxN5S8s,canzone napoletana|concerto|italian trap|neomelodico,3483408,76
1bfl0AU8SqmLkElptOprhC,banda|norteño|grupera|corrido,11800021,83
2v5eqze59fqRes2e5QVGhf,pagode baiano|axé|pagode,552591,57
73jBynjsVtofjRpdpRAJGk,big room|electronica|edm,3610935,73
52N3KGrTWDRhdQJrgBTofE,,230282,66
0EqkKYDK9EkKY5N7zU3FPv,italo dance|concerto,1950875,68
2QsynagSdAqZj3U9HgDzjD,reggae|roots reggae,13542753,82
2RdwBSPQiwcmiDo9kixcl8,,5438132,81
0C8ZW7ezQVs4URX5aX7Kqx,,53641796,83
5wbf52LA6kcaboHSN6NEF1,brazilian funk|funk pop|funk carioca|brazilian pop|brega funk,3192687,78
6vWDO969PvNqNYHIOW5v0m,,41795440,86
4Gso3d4CscCijv0lmajZWs,,7881457,88
2EMAnMvWE2eb56ToJVfCWs,trap soul|r&b,10770843,81
1A6HBLulvBFzNtlMb7b08f,,570072,61
3qiHUAX7zY4Qnjx8TNUzVx,rage rap,6166077,82
5p9HO3XC5P3BLxJs5Mtrhm,,3523530,83
2x7PC78TmgqpEIjaGAZ0Oz,argentine trap,10042534,77
23zg3TcAtWQy7J6upgbUnj,r&b,14137150,83
4AKwRarlmsUlLjIwt38NLw,,690037,69
1ThoqLcyIYvZn7iWbj8fsj,soul,2060997,74
1mpOD8ZwHnbsryIuXWq0R1,turkish pop|turkish hip hop,2474799,65
11kt6ggsdxvI8MhyeSMKom,,451984,77
3l9G1G9MxH6DaRhwLklaf5,corrido|corridos tumbados|corridos bélicos|electro corridos|dembow belico|sad sierreño|sierreño,7708191,84
0jdNdfi4vAuVi7a6cPDFBM,italian trap|concerto,2783717,73
0PCCGZ0wGLizHt2KZ7hhA2,,1456184,77
1RyvyyTE3xzB2ZywiAwp0i,rap,23311597,91
7Ez6lTtSMjMf2YSYpukP1I,,436405,71
711MCceyCBcFnzjGY4Q7Un,rock|hard rock|classic rock|rock and roll,32931698,83
6s5ubAp65wXoTZefE01RNR,gabber|europop,963917,67
0EmeFodog0BfCgMzAIvKQp,latin pop,40846538,88
2kRfqPViCqYdSGhYSM9R0Q,,9063261,78
7hr9W3IjXcm3UlLY7guLk5,,849548,65
4QQgXkCYTt3BlENzhyNETg,funk|disco,5212369,76
5Y3MV9DZ0d87NnVm56qSY1,argentine trap|urbano latino,5989219,76
36cgvBn0aadzOijnjjwqMN,k-pop,4470664,80
11p2E654TTU8e0nZWBR4AL,,701569,72
0b1sIQumIAsNbqAoIClSpy,k-pop|k-rap,19623083,80
7I3bkknknQkIiatWiupQgD,,1061006,67
1SIocsqdEefUTE6XKGUiVS,k-pop,6464983,78
55fhWPvDiMpLnE4ZzNXZyW,,2196718,73
5arKwJZEvT5uKq4o0JfqR4,,2662923,73
02kJSzxNuaWGqwubyUba0Z,,6372371,77
7gP3bB2nilZXLfPHJhMdvc,,4073722,72
59oA5WbbQvomJz2BuRG071,,1773154,71
4C3ZmIqca9MWwThLaYbfXu,,219664,57
6USv9qhCn6zfxlBQIYJ9qs,,2314318,79
4nDoRrQiYLoBzwC5BhVJzF,,35892193,81
0ghlgldX5Dd6720Q3qFyQB,k-pop,12277934,78
3qsKSpcV3ncke3hw52JSMB,trap latino,4891837,78
7GlBOeep6PqTfFi59PTUUN,,7671237,83
4ptGOXi053ILmLfMcIG2hB,brazilian funk|funk de bh,46870,49
7fT2Me47PQ8T7954PKrcwR,argentine trap|trap,1687999,68
0pePYDrJGk8gqMRbXrLJC8,corrido|corridos bélicos|corridos tumbados|electro corridos|dembow belico|banda|sierreño|sad sierreño|música mexicana,9641410,83
1fctva4kpRbg2k3v7kwRuS,trap latino,2739633,73
3y2cIKLjiOlp1Np37WiUdH,,1557250,77
1c3uso4iIeeX3P0bhKaQDq,,113438,60
7gZu6kPnY9enEi5FvgTO4F,sertanejo|sertanejo universitário|agronejo,599243,76
4s6Xg38sbqh4xpf4OqhVUK,,625939,70
3TOqt5oJwL9BE2NG9MEwDa,metal|nu metal|alternative metal|rap metal|hard rock,7771064,76
3K2Srho6NCF3o9MswGR76H,,726889,65
4OVbrPbhvK46A1uXTU1u5F,jersey club,739450,63
5MraexJKZDrQYzS98kNwie,,941587,70
5LeiVcEnsZcwc133TUhJNW,latin pop,2597432,74
2dIgFjalVxs4ThymZ67YCE,k-pop|noise music,21873289,87
2IMZYfNi21MGqxopj9fWx8,urbano latino|trap latino,10179271,83
4XpUIb8uuNlIWVKmgKZXC0,k-rap|k-pop,2135705,65
6Dd3NScHWwnW6obMFbl1BH,,1892367,73
61ifFEOS4km183fkC64e8I,budots,2225,32
4OV6uYSnHxSYkjDYuBVBUz,french pop|variété française|chanson,1923737,64
7yiLonxrJVgZKSbjo0gh6V,arabesk|turkish pop|turkish hip hop,268255,49
3DbwFQlvLxRSi2uX8mf81A,,2425793,76
6Q192DXotxtaysaqNPy5yR,,9861922,79
13ubrt8QOOCPljQ2FL1Kca,rap,17745668,85
2rEVnwCPBeGkWMv425KoG1,german pop,2367515,71
1Fg19vpUJpAAPFjnKaVYVW,turkish pop|turkish hip hop,3195461,63
2O8vbr4RYPpk6MRA4fio7u,,1958126,74
5Wg72TowYBWIcSo3K2r84N,,204379,50
2auC28zjQyVTsiZKNgPRGs,k-pop|k-rap,17932718,74
1zxDewzd2j1ZdSBGaYcr0y,,816926,70
4F84IBURUo98rz4r61KF70,garage rock|blues rock|rock|alternative rock,3606024,71
1WaFQSHVGZQJTbf0BdxdNo,,969641,71
3bO19AOone0ubCsfDXDtYt,,1416260,76
0rvjqX7ttXeg3mTy8Xscbt,aor|classic rock,6670877,76
0TnOYISbd1XYRBk9myaseg,,12239967,87
15UsOTVnJzReFVN1VCnxy4,emo rap,52476195,86
6DIS6PRrLS3wbnZsf7vYic,,2263499,68
1ncWEkB4AQh1rxC8ObpBoH,europop,161904,52
2KZFvVVk9lxD85USaOv76T,sertanejo|sertanejo universitário,297195,54
4tuJ0bMpJh08umKkEXKUI5,,8202906,85
2loEsOijJ6XiGzWYFXMIRk,afro house|house|afro tech,349250,73
6YVMFz59CuY7ngCxTxjpxE,k-pop,10189768,79
7LVC96BEVGugTAp38AajV6,dark r&b,570594,73
5H4yInM5zmHqpKIoMNAx4r,uk drill|drill|uk grime,10196384,82
3PpjqSKBer3obW6lDflOBx,bollywood|desi|hindi pop,727466,65
0NIIxcxNHmOoyBx03SfTCD,alternative r&b,3128064,79
7CajNmpbOovFoOoasH2HaY,edm,23204270,86
7gHzR22tDNSWGS4HkvvPgw,brazilian trap|trap funk|brazilian funk|funk consciente|trap,762357,64
0jPHHnU8GUWEF7rwPE9osY,sexy drill,355280,64
7u9115faVQY8xNrCXqY0zx,brazilian funk|funk de bh,38467,51
0PFtn5NtBbbUNbU9EAmIWF,yacht rock|soft rock,3858928,77
3y24n3XhZ96wgwRXjvS17T,west coast hip hop|g-funk,2006534,71
0ZCO8oVkMj897cKgFH7fRW,cumbia|cumbia sonidera|salsa,8860600,79
6AvnL2gWjNYs1hRVJx4huK,opm|p-pop|harana|parang|pinoy indie|kundiman|pinoy r&b,1969113,68
1dKdetem2xEmjgvyymzytS,banda|corrido|norteño|sierreño|grupera|ranchera|música mexicana,16041582,84
25uiPmTg16RbhZWAqwLBy5,hyperpop|art pop,6584938,84
5J7rXWjtn5HzUkJ4Jet8Fr,,1611022,77
0xj9MJx9r0wO2o4aqdergP,brazilian funk,268534,68
3fMbdgg4jU18AjLCKBhRSm,,38773006,87
0YinUQ50QDB7ZxSCLyQ40k,,2021308,73
0z4gvV4rjIZ9wHck67ucSV,,6251975,85
4PzYKhC14sTJNEr0dzoo0d,brazilian pop|funk pop|brazilian funk,6656740,74
1Yj5Xey7kTwvZla8sqdsdE,reggaeton chileno|chilean trap|chilean mambo|reggaeton,7434281,84
7f5Zgnp2spUuuzKplmRkt7,tropical house,3125804,77
2rMFPjySMqkgBajkLKL6zo,dembow,405647,64
3UTF2no3muGdiFXVujl94i,latin afrobeats,1215434,81
1chOgh5tgwfiyJ2zhUHwBj,opm|pinoy r&b|p-pop|harana|pinoy hip hop|parang,3031551,69
0NKDgy9j66h3DLnN8qu1bB,new wave|synthpop,2395178,71
2OhUNb01gLwygOizYvTm0e,argentine trap|cuarteto|cumbia,916343,68
0xliTEbFfy5HQHvsTknTkX,synthpop,1122090,72
3AA28KZvwAUcZuOKwyblJQ,,15055849,84
5L1lO4eRHmJ7a0Q6csE5cT,k-pop,13883807,78
6DARBhWbfcS9E4yJzcliqQ,punjabi pop|punjabi hip hop|bhangra|desi hip hop|desi,24490656,83
3FUY2gzHeIiaesXtOAdB7A,soft pop,4564388,75
0VRj0yCOv2FXJNP47XQnx5,,8269860,79
47z98pKd71yIbgXwe9LPVC,indonesian pop|indonesian indie,7372595,71
1iCnM8foFssWlPRLfAbIwo,,1864475,79
4Ge9GwmWnOQsohwPTrXyHc,techengue|afro house|latin house,192338,62
2qk9voo8llSGYcZ6xrBzKx,,5841572,78
1eIYP01ZLPKEExhcV6xFgt,seresta|arrocha|piseiro|forró|brega|sertanejo,1208171,72
7n2wHs1TKAczGzO7Dd2rGr,,46101930,83
1KCSPY1glIKqW2TotWuXOR,,18376988,80
6B1hSmaLdOvChinK2Z7gfi,reggaeton,226593,65
0BHm7qbh3ENxvXzkQAG7MP,piseiro|sertanejo|forró|arrocha|agronejo|sertanejo universitário,4068205,73
2DaxqgrOhkeH0fpeiQq2f4,britpop|madchester,12844100,82
6VuMaDnrHyPL1p4EHjYLi7,soft pop|pop,25692031,82
1mBydYMVBECdDmMfE2sEUO,gujarati pop|bollywood|hindi pop|desi|gujarati garba,8276964,83
1HY2Jd0NmPuamShAr6KMms,art pop|pop,43948114,91
4U7lXyKdSf1JbM1aXvsodC,latin pop,4709011,75
1NjxFrpEGZTV2Ny0OJxeWu,indonesian indie|indonesian pop,1842725,73
4nVa6XlBFlIkF6msW57PHp,malayalam hip hop|desi hip hop,916242,74
2NfSBtmWe7oPw1EmetJVso,reggaeton|latin afrobeats|urbano latino|pop urbano,1038633,71
5rSXSAkZ67PYJSvpUpkOr7,,6867043,79
6Ff53KvcvAj5U7Z1vojB5o,,3152146,74
3uwAm6vQy7kWPS2bciKWx9,bedroom pop,8982381,74
20wkVLutqVOYrc0kxFs7rA,,12297546,88
0JRPF8WIKUtSO2IUYfrcuh,sertanejo|agronejo|sertanejo universitário,122359,67
1SXhEXzOTF7YeuQX59m7pT,piseiro|forró|sertanejo|arrocha|brega|seresta,3904256,77
55ru5B05MMBunM1tvH7Di6,cuarteto|cumbia,591427,64
3YQKmKGau1PzlVlkL1iodx,,25999273,85
3E12tRURRvPfHz0hAMCFYc,,2365905,84
1gl0S9pS0Zw0qfa14rDD3D,indie,1818797,71
7ITMCzIU9uII8gwRg8JAhc,hyperpop|nightcore,4701489,77
0L8ExT028jH3ddEcZwqJJ5,funk rock|alternative rock|rock,23676389,85
7t0rwkOPGlDPEhaOcVtOt9,,5622962,78
5eumcnUkdmGvkvcsx1WFNG,corrido|corridos tumbados|corridos bélicos|electro corridos|dembow belico|música mexicana,12865565,90
4gvjmrtzydbMpyJaXUtwvP,,1612062,77
0fTSzq9jAh4c36UVb4V7CB,,3395171,86
4DdkRBBYG6Yk9Ka8tdJ9BW,,5804673,79
3c0gDdb9lhnHGFtP4prQpn,k-pop,7144313,85
699OTQXzgjhIYAHMy9RyPD,rage rap,15568535,89
0eHQ9o50hj6ZDNBt6Ys1sD,reggaeton|urbano latino|latin,9040821,79
5HK6QtizXJzCmoYTkvFRik,,291957,61
04mzq9GH08zOBRdV2gzmXm,electro corridos|corrido|dembow belico|corridos bélicos|corridos tumbados,1037055,63
6aoGgTKGqtsjj48ymcNs4Z,brazilian funk|funk consciente|trap funk,2515407,78
3eVa5w3URK5duf6eyVDbu9,k-pop,13965824,81
250b0Wlc5Vk0CoUsaCY84M,k-pop,13171383,84
0NyzfcGDZZ6GM25EBG9BYK,,142019,58
5uwa6tAMMfNbBFIHiI6NV4,,908902,76
5YqI7p8zYsOpKJtjxYdOce,electro corridos|dembow belico|corrido|corridos tumbados|corridos bélicos,3334272,86
4LazDzEGshEUn9D2zbm6w2,,15404,53
1b7AEdUSudOQoZF5ebUxCL,,3029928,76
42MRYPhQfcEXqb18dl5ERX,,37863,49
7ohlPA8dRBtCf92zaZCaaB,,1093587,71
3p7PcrEHaaKLJnPUGOtRlT,sertanejo|sertanejo universitário|arrocha|agronejo,31356642,87
5vV3bFXnN6D6N3Nj4xRvaV,k-pop,9917662,80
4gwpcMTbLWtBUlOijbVpuu,,1023744,67
1nzgtKYFckznkcVMR3Gg4z,,2754007,59
4cPHsZM98sKzmV26wlwD2W,christmas,498450,81
1bAftSH8umNcGZ0uyV7LMg,argentine trap|trap|trap latino,13548664,81
4sj6D0zlMOl25nprDJBiU9,christmas|adult standards,612372,80
1GxkXlMwML1oSg5eLPiAz3,christmas,7026221,89
4iHNK0tOyZPYnBU7nGAgpQ,christmas,12307856,87
5IH6FPUwQTxPSXurCrcIov,,5641199,74
26dSoYclwsYLMAKD3tpOr4,pop,18282069,84
38EmEgXkgK51MT2tPY0EoC,christmas,88807,79
7j6DKwmjbxvpQO8h914uEz,reggaeton,4758758,82
70jpkgy5oGT4YjaGFpCpk7,brazilian funk|trap funk|funk consciente,1718285,79
49e4v89VmlDcFCMyDv9wQ9,christmas|adult standards|big band|swing music,2004712,83
3BmGtnKgCSGYIUhmivXKWX,christmas,11031680,84
2sSGPbdZJkaSE2AbcGOACx,bedroom pop,4243544,85
1EmdfupUQDpXOcb4Nj2mBH,,351180,69
2qoQgPAilErOKCwE2Y8wOG,,2732420,78
5v8jlSmAQfrkTjAlpUfWtu,christmas|adult standards,608419,77
7K78lVZ8XzkjfRSI7570FF,christmas|bolero|villancicos,479406,77
7gW0r5CkdEUMm42w9XpyZO,,9108008,85
293zczrfYafIItmnmM3coR,rockabilly|rock and roll,2249879,74
3dRfiJ2650SZu6GbydcHNb,soundtrack|score,1644845,78
1Mxqyy3pSjf8kZZL4QVxS0,christmas|big band|adult standards|swing music|jazz|vocal jazz,8605015,87
7v4imS0moSyGdXyLgVTIV7,christmas|adult standards|vocal jazz,2600265,83
6ZjFtWeHP9XN7FeKSUe80S,christmas,624964,85
2rmkQLzj0k4nZdQehOUByO,corrido|corridos tumbados|corridos bélicos|música mexicana,5701406,78
57nPqD7z62gDdq37US9XJR,score,808249,78
0wi4yTYlGtEnbGo4ltZTib,christmas|rockabilly,185377,73
26AHtbjWKiwYzsoGoUZq53,christmas,4047271,82
4MCBfE4596Uoi2O4DtmEMz,melodic rap|emo rap,43646812,88
7cYEt1pqMgXJdq00hAwVpT,,10816100,82
43ZHCT0cAZBISjO8DG9PnE,rockabilly|rock and roll,11208492,83
4x1nvY2FN8jxqAFA0DA02H,christmas,6721581,78
4STHEaNw4mPZ2tzheohgXB,,5302389,78
46UMQ0cW8ToR8egkBRwAxZ,musicals,605101,77
391oLRVmoTkumiN79HkTWu,christmas,74106,77
7CyeXFnOrfC1N6z4naIpgo,christmas,475927,79
6zO1dZ40fTZ5hY9NnnRJSk,,2138243,71
5KEG7G8LDYlHgFDqZyEEs2,christmas,1187778,75
4S9EykWXhStSc15wEx8QFK,variété française,10582278,80
5aC2LaswbZgcf1G2uxqBxF,agronejo|sertanejo|sertanejo universitário|piseiro,419368,71
2wzMOQwNT6ZvVB4amvhFAH,celtic punk|celtic rock|christmas|folk punk|celtic,675836,71
3HJq88k0us5XSJ4tD3J8RG,corrido|corridos tumbados|corridos bélicos|sierreño,749080,71
7gOdHgIoIKoe4i9Tta6qdD,,7812866,80
3eqjTLE0HfPfh78zjh6TqT,,7484318,80
5ixB75BQR3ADoWQkcHQJTs,christmas,89262,73
1sZwQg2rvSlGhkG218SouM,doo-wop|christmas,38167,45
77tT1kLj6mCWtFNqiOmP9H,yacht rock|soft rock,2932338,78
6LqNN22kT3074XbTVUrhzX,,9362253,81
6JL8zeS1NmiOftqZTRgdTz,,15754835,80
4ytkhMSAnrDP8XzRNlw9FS,christmas,195983,78
1AwO9pWEBSBoWdEZu28XDC,christmas,221831,70
4E5eAkpbJLO40r8fWNWm6X,traditional folk|folk,31044,39
3oDbviiivRWhXwIE8hxkVV,baroque pop,5164337,77
0ECwFtbIWEVNwjlrfc6xoL,classic rock|yacht rock|soft rock,12371984,80
0HU0U9kdXEHZVxUNbuQe8S,soul|classic soul,676564,70
1dfeR4HaWDbWqFHLkxsg1d,classic rock|rock|glam rock,55927897,86
67FB4n52MgexGQIG8s0yUH,,1567510,78
0MHgLfmQdutffmvWe5XBTN,christmas,124207,75
35S20clEkkSNUo23ViaslZ,christmas,46507,72
4yiQZ8tQPux8cPriYMWUFP,,7161730,79
4npEfmQ6YuiwW1GpUmaq3F,,7871725,80
1bT7m67vi78r2oqvxrP3X5,,435837,65
1DuBkL1pAgaZQHXKPiVr08,forró|piseiro|sertanejo|arrocha,773247,76
3DeOmVSmpv7WknXoo1OS8p,,415475,75
5H1nN1SzW0qNeUEZvuXjAj,reggaeton,6693484,81
4yGgbQJMq9orWypwqtdzYT,trap funk|brazilian trap|trap|brazilian funk,4941975,77
7823Dim2TzjiQQ9wRQxyi9,christmas|glam rock,52250,65
3hv9jJF3adDNsBSIQDqcjp,,1346098,77
5lKZWd6HiSCLfnDGrq9RAm,,3818253,72
6pV5zH2LzjOUHaAvENdMMa,corrido|corridos tumbados|corridos bélicos|electro corridos|dembow belico,5119983,87
5uD6uRKj2xYxpqx8bscaco,brazilian funk|trap funk,220063,69
7guDJrEfX3qb6FEbdPA5qi,motown|classic soul|soul,7236857,80
5V0MlUE1Bft0mbLlND7FJz,vocal jazz|jazz|swing music|big band|christmas,2770623,79
6vTqEFbTtTRJsuIpzZgjxi,pagode|samba,6752843,87
73Np75Wv2tju61Eo9Zw4IR,musicals,588898,75
10n5lhNDoSMUHWLlnST1yw,glam rock|christmas,459804,64
2iE18Oxc8YSumAU232n4rW,motown|christmas,1921448,75
4gKSUeHW82tGBeJsJSB1JC,arrocha|piseiro|seresta|forró|brega,560709,69
1REvGGP2H7cFLGZgK2sStO,malay|indonesian pop|indonesian indie,309948,63
007FXgr0jLBJxhPJjacXQH,piseiro|forró|arrocha|sertanejo|brega|seresta,1280707,65
74OaRjmyh0XyRZsQQQ5l7c,hindi pop|bollywood|desi|gujarati pop|hindi indie,3736044,71
3Y9A8EQQtWU8RStiTlzErv,salsa choke|rkt,820462,70
55tbxmVOI2mQ5eBWXPK7tL,forró|piseiro|arrocha|seresta,140317,62
7a0XAaPaK2aDSqa8p3QnC7,latin afrobeats|reggaeton|pop urbano,3858286,89
5FZN8ElUU5zENi2IK7gMnu,,188199,54
0Il5vC8lqunSFNav4mMLxU,arrocha|seresta|forró|brega|piseiro|sertanejo,2306801,82
5JZ7CnR6gTvEMKX4g70Amv,,6894669,75
6vP4azTCk053nGL0xAYnVH,hipdut|lagu timur|dangdut|malay|funkot|koplo|malay rap|indonesian hip hop|indonesian pop,1079306,77
6PXS4YHDkKvl1wkIl4V8DL,,5137145,73
4E2rKHVDssGJm2SCDOMMJB,,3327918,78
1vyhD5VmyZ7KMfW5gqLgo5,reggaeton|latin,39665122,89
6Xb4ezwoAQC4516kI89nWz,,1197717,77
5bQ3wFgekuIMIcWJuxkqLK,,102524,72
6IDsZZ4IHgs9VblBgQQSmt,indonesian pop|malay|malay pop,7444113,70
6wduHvHCH5QZtWs6ULilDM,forró|piseiro|arrocha|seresta|sertanejo|brega,1205618,70
5f7VJjfbwm532GiveGC0ZK,,22215012,88
08GfvCW09pv2QP4y9sle2a,country,932271,76
0lI3rF4hi4op6UxqlLHPzv,italian trap,1281879,67
1rGpYQGiwKelukgqpI6xKx,italian singer-songwriter|singer-songwriter,226783,55
3pgCLfNbw5ozIfoNsvDU7i,,2112454,62
0gm1lHoOXAdy5OB4AwFYRr,italian singer-songwriter|italo dance,1127598,65
5c8ZR64evQ00Spl73s76fo,corrido|corridos tumbados|corridos bélicos,1682294,73
30AbYddXmSkDXhnW6lB0ll,,63341,55
4QFG9KrGWEbr6hNA58CAqE,mexican hip hop|latin hip hop|electro corridos,6841035,79
55Aa2cqylxrFIXC767Z865,rap|hip hop,18461246,88
4fxd5Ee7UefO4CUXgwJ7IP,r&b,5496283,80
25u1DN0MwQVSav4XoJS7hl,concerto,724930,73
6hzngLO20cX5IGqT0hVv1G,bollywood|hindi indie|ghazal|hindi pop|indian indie,244811,62
5y2Xq6xcjJb2jVM54GHK3t,soft pop|neo soul,8213066,79
6UZ0ba50XreR4TM8u322gs,k-pop,7775415,72
2HPaUgqeutzr3jx5a9WyDV,dark r&b|r&b|trap soul,10665649,85
6EPlBSH2RSiettczlz7ihV,brooklyn drill|new york drill,2603918,72
3ebS2RuCq8QeLyndUDmgB5,,258952,74
6olE6TJLqED3rqDCT0FyPh,grunge|rock,24085449,83
7eGuHhstHEA8ipdVjsimYR,schlagerparty|schlager,89327,61
2AsusXITU8P25dlRNhcAbG,,2304971,71
20nJFshDG1OYH7Qp9K0TXf,corrido|electro corridos|corridos tumbados|corridos bélicos|dembow belico,395339,70
48veLPCIJh5NVQxhyNRKCm,opm|harana|p-pop|parang|kundiman,1533529,69
67hb7towEyKvt5Z8Bx306c,,2101752,80
7gIeuq2qBfYhO1budb6TSQ,piseiro|arrocha|forró|brazilian funk,111953,65
3qm84nBOXUEQ2vnTfUTTFC,rock|glam metal|hard rock|classic rock,36013177,82
1SyKki7JI1AZNKwgNMkn25,bhajan|hindi pop|bollywood|devotional,3317307,75
2kxP07DLgs4xlWz8YHlvfh,indonesian r&b,9490399,79
0NlNru2YcUz6RbnpYGQz26,corrido|corridos tumbados|corridos bélicos|música mexicana,1350015,76
2n2RSaZqBuUUukhbLlpnE6,progressive metal|metalcore,3009347,81
1GMwSpFzrLd12jUX15bHB6,turkish hip hop|turkish pop,6016163,80
3scNK8e4mqnP6Rb8a3lwZY,indian indie|desi|hindi indie,423437,66
5RTLRtXjbXI2lSXc6jxlAz,alternative r&b|indie soul,939322,78
5SCDfg1YoEfI5gFtXqEWah,phonk|brazilian phonk,556932,75
1ZMJSCQw8DIefcLb1FIpY0,corrido|corridos bélicos|corridos tumbados|sierreño|electro corridos|dembow belico|banda|música mexicana,2215026,80
6w3SkAHYPsQ1bxV7VDlG5y,argentine trap|trap latino|turreo,8168356,76
0AqlFI0tz2DsEoJlKSIiT9,argentine trap,5435437,76
6qxpnaukVayrQn6ViNvu9I,southern hip hop,2257158,82
7eKkW1zo5uzW8kUntiiBvz,,1031952,80
61nn6nOoLWjVC1ER2qFAvN,opm|harana|p-pop|parang|pinoy indie|kundiman,5381847,77
3frx2nsVBAA3DvbKTE9JeT,latin afrobeats,106486,61
4G9NDjRyZFDlJKMRL8hx3S,,3422923,86
5PlfkPxwCpRRWQJBxCa0By,latin house|afro house|techengue,719826,79
6jJ0s89eD6GaHleKKya26X,pop,39132433,86
163tK9Wjr9P9DmM0AVK7lm,,10656623,81
3k68C6mNMJL6OaAdWeW2ZF,sertanejo|sertanejo universitário|arrocha|agronejo|piseiro,4051669,78
7kk9ucvRJim0NMM89Lml2Y,phonk|brazilian phonk|funk,514676,80
5nGIFgo0shDenQYSE0Sn7c,alternative metal,6526128,78
46cVq2dwPgzPE3X1VR9TMj,indonesian indie|indonesian pop|indie|malay,3876015,70
0nnBZ8FXWjG9wZgM2cpfeb,,838745,76
0WOBasNNoE4TJ3CV2xnUvX,lagu timur|hipdut|maluku|dangdut|koplo|funkot|malay,240399,57
34LetYSjEuG2fBb4Z8PwPg,german hip hop,1315735,75
3EY5DxGdy7x4GelivOjS2Q,,709696,64
54seKvtsZauR1iauN0ptpo,,1750434,80
1cNPXWhKfjI0fT5EMCnamR,brazilian funk|piseiro|brega funk|arrocha,1140582,66
2yLzlEFtIS0Q9UkyBZdQA7,,1770092,79
1pS0qiLG23HMMLFwsQALKx,desi|indian indie,240228,60
6VcsqZOR5AtEOGeAtmutCZ,electro corridos|dembow belico|corrido|corridos tumbados,166864,65
0TvvDswOgvPbgSPK2RDf62,,637511,74
2IKfr1JgPRXmXKAWwrABc6,hindi indie|indian indie|desi pop|hindi pop,623254,71
5LcNPa8f8bRmZqELgoRFkN,indonesian pop|indonesian indie,1905255,73
3AQRLZ9PuTAozP28Skbq8V,,8921962,78
2hVWBpjLW4Q7fboYz2pVYK,alté,236905,74
0jrirfCZkRU3iA2sH9JEko,phonk|brazilian phonk,327111,71
5r3wPya2PpeTTsXsGhQU8O,punjabi hip hop|punjabi pop|desi hip hop|hindi hip hop|desi,10635612,77
2yNNYQBChuox9A5Ka93BIn,,4774741,86
4Kv35Xnw1ODjO2nIHLhdBY,brazilian funk|funk de bh,131189,68
0BJ2EjOqcfgFvlZXNKrNbE,,2804517,78
5eAWCfyUhZtHHtBdNk56l1,nu metal|metal|alternative metal|rap metal|rock,14503281,83
02wf6SCDwrs2qTX09X0IRE,phonk|brazilian phonk,195055,72
6TIYQ3jFPwQSRmorSezPxX,,5710719,80
1SupJlEpv7RS2tPNRaHViT,reggaeton|latin,20917736,83
4W9cXg9c6w38cHSUfUWPcP,,101944,49
4blbIMKwfzTxHGvN0Est1t,,137217,56
44XzG6GoJZNtkIGW19hsUK,,323310,58
0Q8NcsJwoCbZOHHW63su5S,urbano latino|trap latino|reggaeton,8508457,83
3m5qlPf2OkihLz3dRYnkPA,reggaeton,1571068,84
2jw70GZXlAI8QzWeY2bgRc,,4925198,79
58xrjO7pWlfj2C2uksXScP,,82489,53
7n2Ycct7Beij7Dj7meI4X0,k-pop,23980651,83
1kd6WqngBvP0Vthu1sGI0j,phonk|brazilian phonk,312779,76
2DSE0PhxKUmTPLfZm13sup,,304322,71
4MVyzYMgTwdP7Z49wAZHx0,southern rock|classic rock|rock,6008246,75
41MozSoPIsD1dJM0CLPjZF,k-pop,57070607,82
4oLeXFyACqeem2VImYeBFe,stutter house|house,2376997,81
78rUTD7y6Cy67W1RVzYs7t,bedroom pop,4985905,80
4YqwRbMLqGHRHLS1w2ZKse,brazilian trap|trap funk|trap|brazilian hip hop,6688516,79
1ITjgqpqMDJlqZGAK3mlPQ,turkish hip hop|turkish pop,3003681,66
5Kmr0b3ip8g9P2i0dLTC3Z,stutter house,312409,77
3ozYqVCLohfpXIhalkhM8D,hindi indie|indian indie|desi pop|hindi pop,2570862,78
6LEG9Ld1aLImEFEVHdWNSB,punjabi hip hop|punjabi pop|desi|bhangra|desi hip hop,9366359,79
0Eb38FY9vOjiRA10iXPGHI,desi pop|desi,38675,67
0Yg29FX1M4ayqjXs0ttZFq,chilean trap|reggaeton chileno|chilean mambo,793667,74
3HedFe4b2Nqeg1CEzmt6ZI,,697300,74
4iJLPqClelZOBCBifm8Fzv,emo|screamo|post-hardcore,4101768,78
6ZLTlhejhndI4Rh53vYhrY,metal|glam metal|heavy metal|hard rock,7887637,76
09UmIX92EUH9hAK4bxvHx6,bollywood|hindi pop|desi,11304333,79
7d86ERlvO5UG44j7Va0Y0C,indonesian indie|indonesian pop,7259699,74
3CIIaeZuFYrAD6PRVyuO4U,piseiro|forró|arrocha|sertanejo|agronejo|brega,3382912,77
4f7KfxeHq9BiylGmyXepGt,bollywood|hindi pop|desi|desi pop|gujarati garba,6042555,80
0rUu2qzqezBrCddX1RuUyJ,electro corridos|dembow belico|corrido|corridos tumbados,487059,78
6UgERnTHmjk3qXM9x5vzyO,malay|indonesian pop|indonesian r&b,2442271,77
0cGUm45nv7Z6M6qdXYQGTX,,8937693,81
5naPJsWUJ6y22yKXA6dX36,lagu timur|hipdut|maluku|dangdut|funkot|koplo|malay,402506,70
5M52tdBnJaKSvOpJGz8mfZ,metal|heavy metal|rock|stoner rock|doom metal|hard rock,10052538,76
5INjqkS1o8h1imAzPqGZBb,neo-psychedelic|indie,9965870,86
00x1fYSGhdqScXBRpSj3DW,pop soul,2555991,93
5KKpBU5eC2tJDzf0wmlRp2,,3269729,84
3aQeKQSyrW4qWr35idm0cy,,6021027,81
4Uwx6qzRn0kA9sz6cCDpBO,,97173,70
4xEDJHMQ8PN1U2pEldwI6O,reggaeton chileno|chilean trap,282381,73
7Gy1PxqrgsiqWF6JNYPHeB,indonesian indie|indonesian rock|indorock|indonesian pop,5935005,76
1snhtMLeb2DYoMOcVbb8iB,j-pop|anime|j-rock,7801002,80
250LLR8V4fFq1XFzAB1ZN5,turkish hip hop,1268219,74
3mIj9lX2MWuHmhNCA7LSCW,,8115574,79
0fA0VVWsXO9YnASrzqfmYu,,7841820,81
6QoCrBHsojKnOrsGNfRcTN,punjabi hip hop|punjabi pop|indian indie|desi|desi hip hop|hindi indie|hindi hip hop,3423843,80
1bpnl8qbR9GxmiNlkEufW6,brazilian funk|trap funk|funk consciente,455766,83
28DdkLhrzQNizZ0ExQpyku,indonesian pop|malay|indonesian r&b,7251049,71
2wY79sveU1sp5g7SokKOiI,soft pop,26655969,84
3S9Hg7sRKhmtWunFZ2yAYP,reggaeton mexa|reggaeton,1566636,81
51DevdOxIJin6DB1FXJpD1,turkish hip hop|drill,6724284,77
3MZsBdqDrRTJihTHQrO6Dq,,10896795,83
5s27i7oqhNWIcE4HeoVdq0,brazilian funk|funk consciente|trap funk,2207146,79
7ltDVBr6mKbRvohxheJ9h1,latin,9241292,87
37w38cCSGgKLdayTRjna4W,dream pop|shoegaze|slowcore,1915968,73
6fOMl44jA4Sp5b9PpYCkzz,christian hip hop,11432725,82
7lPCTAKDofGUQgXGonMrKd,arabic hip hop|khaleeji,97877,67
02gSuSAWEdWa5UOvqzjX6v,,409517,77
0Je74SitssvJg1w4Ra2EK7,,753579,69
1aSxMhuvixZ8h9dK9jIDwL,art pop|baroque pop|art rock,2712660,77
6xrc4RXcso9uKlYWlIANPU,piseiro|forró|arrocha|brega|sertanejo|seresta,518052,72
7ouEqUl1PCVPlNninecdcz,,27146,71
0EyhkwP3UnwGFBy6xwKjSy,,1166489,86
51kyrUsAVqUBcoDEMFkX12,indonesian indie|indonesian pop,12942536,82
7pFWMC2E7h8eL3SZyHRsRq,indonesian pop|indonesian indie,2620811,76
2ye2Wgw4gimLv2eAKyk1NB,metal|thrash metal|rock|heavy metal|hard rock,33027134,85
0F3maSKfGGVtfATaAyeyPG,dark r&b,1168591,76
3CIRif6ZAedT7kZSPvj2A4,christmas,538651,75
72OaDtakiy6yFqkt4TsiFt,,3861919,74
4UXqAaa6dQYAk18Lv7PEgX,emo|pop punk,11554969,81
0ocHleb3SllGNQQcDH35Xz,corrido|corridos bélicos,815037,79
1udruffum7CorOphFUMB9A,dansk pop|dansk rap,132084,70
3Z02hBLubJxuFJfhacLSDc,,4965809,79
465OXuCU8YZNmVG1leLwQ9,bollywood|indian indie|desi pop,106938,82
1Xylc3o4UrD53lo9CvFvVg,,11307110,83
2eam0iDomRHGBypaDQLwWI,,945288,72
3xvaSlT4xsyk6lY1ESOspO,,1023745,86
2apYMRrg5FxN4go0pfsCvf,christmas,16835,64
5qIpstBGrGteJZg1xIvbiz,sertanejo|sertanejo universitário,373030,84
3RGLhK1IP9jnYFH4BRFJBS,punk,3275972,74
