artist_names,track_name
Tate McRae,greedy
Xavi,La Diabla
Jack Harlow,Lovin On Me
Taylor Swift,Cruel Summer
Mitski,My Love Mine All Mine
"The Weeknd, JENNIE, Lily-Rose Depp","One Of The Girls (with JENNIE, Lily Rose Depp)"
"Jung Kook, Latto",Seven (feat. Latto) (Explicit Ver.)
Doja Cat,Paint The Town Red
Xavi,La V√≠ctima
"Peso Pluma, Anitta",BELLAKEO
Noah Kahan,Stick Season
Tyla,Water
Kenya Grace,Strangers
"Bad Bunny, Feid",PERRO NEGRO
"KAROL G, Peso Pluma",QLONA
Jung Kook,Standing Next to You
Arctic Monkeys,I Wanna Be Yours
"Feid, ATL Jacob",LUNA
"Calle 24, Chino Pacas, Fuerza Regida",Que Onda
"Fuerza Regida, Marshmello",HARLEY QUINN
"The Weeknd, Playboi Carti, Madonna",Popular (with Playboi Carti & Madonna) - From The Idol Vol. 1 (Music from the HBO Original Series)
i√±igo quintero,Si No Est√°s
Olivia Rodrigo,vampire
Doja Cat,Agora Hills
Harry Styles,As It Was
"The Weeknd, Daft Punk",Starboy
SZA,Kill Bill
Dua Lipa,Dance The Night - From Barbie The Album
David Kushner,Daylight
Miley Cyrus,Flowers
"Maluma, Car√≠n Le√≥n",Seg√∫n Qui√©n
"cass√∂, RAYE, D-Block Europe",Prada
Billie Eilish,"What Was I Made For? [From The Motion Picture ""Barbie""]"
Bad Bunny,MONACO
Dua Lipa,Houdini
"JID, 21 Savage, Baby Tate",Surround Sound (feat. 21 Savage & Baby Tate)
The Weeknd,Blinding Lights
"Peso Pluma, Junior H, Oscar Maydon",ROMPE LA DOMPE
Myke Towers,LALA
"David Guetta, Bebe Rexha",I'm Good (Blue)
"Zach Bryan, Kacey Musgraves",I Remember Everything (feat. Kacey Musgraves)
"Jung Kook, Jack Harlow",3D (feat. Jack Harlow)
"Peso Pluma, Gabito Ballesteros, Junior H",LADY GAGA
Lord Huron,The Night We Met
SZA,Snooze
The Weeknd,Die For You
"Grupo Frontera, Grupo Firme",EL AMOR DE SU VIDA
V,Love Me Again
Gunna,fukumean
"Rema, Selena Gomez",Calm Down (with Selena Gomez)
The Neighbourhood,Sweater Weather
Taylor Swift,Is It Over Now? (Taylor's Version) (From The Vault)
Quevedo,Columbia
"Luan Santana, Ana Castela",DEJA VU
Tom Odell,Another Love
"Vishal Mishra, Raj Shekhar",Pehle Bhi Main
Teddy Swims,Lose Control
Jimin,Like Crazy
Car√≠n Le√≥n,Primera Cita
"Tyler, The Creator, Kali Uchis",See You Again (feat. Kali Uchis)
Taylor Swift,Anti-Hero
"Grupo Frontera, Bad Bunny",un x100to
"Drake, Yeat",IDGAF (feat. Yeat)
"UMI, V",wherever u r (ft. V of BTS)
Vance Joy,Riptide
Nicki Minaj,FTCU
Sabrina Carpenter,Feather
Taylor Swift,Lover
"Rihanna, Calvin Harris",We Found Love
Tate McRae,exes
Lauana Prado,Me Leva Pra Casa / Escrito Nas Estrelas / Saudade - Ao Vivo
"Post Malone, Swae Lee",Sunflower - Spider-Man: Into the Spider-Verse
"Eslabon Armado, Peso Pluma",Ella Baila Sola
OneRepublic,I Ain't Worried
Coldplay,Viva La Vida
Coldplay,Yellow
Travis Scott,I KNOW ?
"Metro Boomin, The Weeknd, 21 Savage",Creepin' (with The Weeknd & 21 Savage)
Jimin,Closer Than This
"Xavi, Los Dareyes De La Sierra",Poco A Poco
"Drake, Sexyy Red, SZA",Rich Baby Daddy (feat. Sexyy Red & SZA)
Olivia Rodrigo,Can‚Äôt Catch Me Now - from The Hunger Games: The Ballad of Songbirds & Snakes
Manuel Turizo,La Bachata
"Feid, Young Miko",CLASSY 101
Lewis Capaldi,Someone You Loved
"Macklemore, Ryan Lewis, Macklemore & Ryan Lewis, Ray Dalton",Can't Hold Us (feat. Ray Dalton)
a-ha,Take on Me
Bruno Mars,Locked out of Heaven
Eminem,Without Me
Kanye West,Heartless
The Weeknd,Save Your Tears
OneRepublic,Counting Stars
"Travis Scott, Playboi Carti",FE!N (feat. Playboi Carti)
The Killers,Mr. Brightside
Cigarettes After Sex,Apocalypse
"Elton John, Dua Lipa, PNAU",Cold Heart - PNAU Remix
Taylor Swift,You‚Äôre Losing Me (From The Vault)
"Drake, Wizkid, Kyla",One Dance
"Jere Klein, Gittobeatz",ANDO
"Dj GBR, Mc IG, MC Ryan SP, MC PH, Mc Davi, Mc Luki, Mc Don Juan, Mc Kadu, TrapLaudo, MC GP, MC GH do 7",Let's Go 4
"The Kid LAROI, Justin Bieber",STAY (with Justin Bieber)
Anuv Jain,Husn
Eminem,Mockingbird
Rauw Alejandro,DILUVIO
Glass Animals,Heat Waves
"The Weeknd, Lana Del Rey",Stargirl Interlude
Keane,Somewhere Only We Know
Taylor Swift,cardigan
J. Cole,No Role Modelz
Junior H,Y LLORO
Frank Ocean,Pink + White
Taylor Swift,Don‚Äôt Blame Me
Sabrina Carpenter,Nonsense
d4vd,Romantic Homicide
Kali Uchis,Moonlight
"Drake, J. Cole",First Person Shooter (feat. J. Cole)
"Arijit Singh, Shreyas Puranik, Siddharth - Garima","Satranga (From ""ANIMAL"")"
Zach Bryan,Something in the Orange
LE SSERAFIM,Perfect Night
KAROL G,AMARGURA
"JC NO BEAT, DJ F7, MC Meno Dani, Silva Mc",Maria Mariah
"Alex Favela, Grupo Marca Registrada, Joaquin Medina",ELOVRGA
"Bellakath, Dani Flow",Reggaeton Champagne
BENNETT,Vois sur ton chemin - Techno Mix
Tears For Fears,Everybody Wants To Rule The World
The Walters,I Love You So
Arctic Monkeys,Why'd You Only Call Me When You're High?
"Dave, Central Cee",Sprinter
The Police,Every Breath You Take
Lana Del Rey,Summertime Sadness
Eminem,The Real Slim Shady
Conan Gray,Heather
Hotel Ugly,Shut up My Moms Calling
Adele,Set Fire to the Rain
Justin Bieber,Ghost
TV Girl,Lovers Rock
"Billie Eilish, Khalid",lovely (with Khalid)
Arctic Monkeys,505
"Yng Lvcas, Peso Pluma",La Bebe - Remix
Peggy Gou,(It Goes Like) Nanana - Edit
Imagine Dragons,Demons
Kanye West,Father Stretch My Hands Pt. 1
Sophie Ellis-Bextor,Murder On The Dancefloor
"Kanye West, Dwele",Flashing Lights
"Peso Pluma, Tito Double P",LA PEOPLE
NewJeans,Super Shy
"Eugenio Esquivel, Grupo Marca Registrada, Sebastian Esquivel, Los Esquivel",Alucin
"Xavi, Tony Aguirre",Modo DND
"Gabito Ballesteros, Natanael Cano",LOU LOU
Lil Tecca,500lbs
Morgan Wallen,Last Night
Travis Scott,MY EYES
Bruno Mars,Just the Way You Are
Taylor Swift,august
Black Eyed Peas,I Gotta Feeling
Bruno Mars,When I Was Your Man
"Eminem, Juice WRLD",Godzilla (feat. Juice WRLD)
Creedence Clearwater Revival,Have You Ever Seen The Rain
Miley Cyrus,Party In The U.S.A.
Tory Lanez,The Color Violet
JVKE,golden hour
Hozier,Take Me To Church
Arctic Monkeys,Do I Wanna Know?
Ed Sheeran,Perfect
d4vd,Here With Me
Miguel,Sure Thing
KAROL G,MI EX TEN√çA RAZ√ìN
Eminem,Lose Yourself
"Metro Boomin, Future, Don Toliver",Too Many Nights (feat. Don Toliver & with Future)
Steve Lacy,Dark Red
The Weeknd,The Hills
Ruth B.,Dandelions
Paul Russell,Lil Boo Thang
"The Weeknd, Ariana Grande",Save Your Tears (Remix) (with Ariana Grande) - Bonus Track
Myke Towers,LA FALDA
"Grupo Frontera, Car√≠n Le√≥n",QUE VUELVAS
Avicii,Wake Me Up
Plan B,Es un Secreto
The Goo Goo Dolls,Iris
Darell,Lollipop
Taylor Swift,Blank Space
Adele,Skyfall
Linkin Park,In the End
"The Weeknd, Ariana Grande",Die For You (with Ariana Grande) - Remix
Imagine Dragons,Believer
"Metro Boomin, Travis Scott, Young Thug",Trance (with Travis Scott & Young Thug)
"Kanye West, Pusha T",Runaway
Taylor Swift,"""Slut!"" (Taylor's Version) (From The Vault)"
"Don Omar, Lucenzo",Danza Kuduro
"KAROL G, Shakira",TQG
ABBA,Dancing Queen
FIFTY FIFTY,Cupid - Twin Version
Wham!,Last Christmas - Single Version
Radiohead,Creep
"DJ Snake, Justin Bieber",Let Me Love You
"Kendrick Lamar, Jay Rock",Money Trees
Sia,Snowman
Lana Del Rey,Say Yes To Heaven
TV Girl,Not Allowed
"Stephen Sanchez, Em Beihold",Until I Found You (with Em Beihold) - Em Beihold Version
Travis Scott,goosebumps
Fleetwood Mac,Dreams - 2004 Remaster
Rihanna,Diamonds
Fuerza Regida,CRAZYZ
Imagine Dragons,Bones
One Direction,Night Changes
Maroon 5,Maps
New West,Those Eyes
Natanael Cano,O Me Voy O Te Vas
"Drake, 21 Savage",Jimmy Cooks (feat. 21 Savage)
Bruno Mars,That's What I Like
Ariana Grande,"yes, and?"
21 Savage,redrum
"Bizarrap, Young Miko","Young Miko: Bzrp Music Sessions, Vol. 58/66"
"Kali Uchis, Peso Pluma",Igual Que Un √Ångel (with Peso Pluma)
"21 Savage, Travis Scott, Metro Boomin",n√©e-nah
"21 Savage, Doja Cat",n.h.i.e.
21 Savage,all of me
21 Savage,sneaky
"21 Savage, Young Thug, Metro Boomin",pop ur shit
"21 Savage, Lil Durk, Metro Boomin",dangerous
Flo Milli,Never Lose Me
"Mesita, Nicki Nicole, Tiago PZK, Emilia",Una Foto Remix (feat. Emilia)
Creepy Nuts,Bling-Bang-Bang-Born
"21 Savage, Brent Faiyaz",should've wore a bonnet
"21 Savage, Summer Walker",prove it
"Oscar Ortiz, Edgardo Nu√±ez",FIRST LOVE
Natasha Bedingfield,Unwritten
"21 Savage, Tommy Newport, Mikky Ekko",red sky
Lil Nas X,J CHRIST
James Arthur,Say You Won't Let Go
"21 Savage, Burna Boy, Metro Boomin",just like me
21 Savage,letter to my brudda
Richy Mitch & The Coal Miners,Evergreen
Benson Boone,Beautiful Things
David Kushner,Skin and Bones
"Kygo, Ava Max",Whatever
"Gaby Music, Lunay, Luar La L",No Te Quieren Conmigo
"Marvin Gaye, Tammi Terrell",Ain't No Mountain High Enough
"The Chainsmokers, Coldplay",Something Just Like This
Coldplay,Sparks
Coldplay,A Sky Full of Stars
Megan Thee Stallion,HISS
YG Marley,Praise Jah In The Moonlight
"Christian Nodal, Peso Pluma",La Intenci√≥n
Ice Spice,Think U The Shit (Fart)
Justin Timberlake,Selfish
4batz,act ii: date @ 8
"Blessd, Feid",SI SABE FERXXO
Rich Amiri,ONE CALL
Milo j,M.A.I
"Calle 24, Chino Pacas",Apaga El Cel
"Ofenbach, Norma Jean Martine",Overdrive (feat. Norma Jean Martine)
Don Toliver,BANDIT
Coldplay,The Scientist
Michael Marcagi,Scared To Start
Good Neighbours,Home
Benson Boone,In The Stars
Lana Del Rey,Young And Beautiful
Taylor Swift,Karma
"¬•$, Kanye West, Ty Dolla $ign",CARNIVAL
"¬•$, Kanye West, Ty Dolla $ign",FUK SUMN
"The Weeknd, Playboi Carti, Madonna",Popular (with Playboi Carti & Madonna)
"¬•$, Kanye West, Ty Dolla $ign",BURN
"¬•$, Kanye West, Ty Dolla $ign",TALKING
"¬•$, Kanye West, Ty Dolla $ign",BACK TO ME
"¬•$, Kanye West, Ty Dolla $ign",STARS
Beyonc√©,TEXAS HOLD 'EM
Mahmood,TUTA GOLD
"Geolier, Michelangelo","I P‚Äô ME, TU P‚Äô TE"
"¬•$, Kanye West, Ty Dolla $ign",PAID
"¬•$, Kanye West, Ty Dolla $ign",DO IT
"¬•$, Kanye West, Ty Dolla $ign",KEYS TO MY LIFE
"¬•$, Kanye West, Ty Dolla $ign",PAPERWORK
"USHER, Lil Jon, Ludacris",Yeah! (feat. Lil Jon & Ludacris)
"¬•$, Kanye West, Ty Dolla $ign",VULTURES
"¬•$, Kanye West, Ty Dolla $ign",BEG FORGIVENESS
Annalisa,Sinceramente
"Ivete Sangalo, LUDMILLA",Macetando
Angelina Mango,la noia
"¬•$, Kanye West, Ty Dolla $ign",HOODRAT
Noah Kahan,Forever
"Parangol√©, L√©o Santana",Perna Bamba
"¬•$, Kanye West, Ty Dolla $ign",PROBLEMATIC
"FloyyMenor, Cris MJ",Gata Only
Ghali,Casa Mia
Luke Combs,Fast Car
PEDRO SAMPAIO,POCPOC
"TWENTY SIX, Tayson Kryss",Buscando Money
Irama,Tu No
"USHER, Pitbull",DJ Got Us Fallin' In Love (feat. Pitbull)
"USHER, Alicia Keys",My Boo
Dua Lipa,Training Season
"KAROL G, Ti√´sto",CONTIGO (with Ti√´sto)
Djo,End of Beginning
"Trueno, Nicki Nicole, Bizarrap, Taiu, tatool",Mamichula - con Nicki Nicole
Yeat,Breathe
Juli√≥n √Ålvarez y su Norte√±o Banda,Regalo De Dios
Muni Long,Made For Me
"Junior H, Peso Pluma",A Tu Manera
Bob Marley & The Wailers,Could You Be Loved
Creedence Clearwater Revival,Fortunate Son
SZA,Saturn
Beat Record,Standing Next to You - Sped Up - Remix
LE SSERAFIM,EASY
Bryson Tiller,Whatever She Wants
LE SSERAFIM,Smart
Selena Gomez,Love On
"Kendrick Lamar, SZA","All The Stars (with SZA) - From ""Black Panther: The Album"""
Frank Ocean,Thinkin Bout You
"Dimitri Vegas & Like Mike, Ti√´sto, Dido, W&W, Dimitri Vegas, Like Mike",Thank You (Not So Bad)
"Pharrell Williams, Miley Cyrus",Doctor (Work It Out) [feat. Miley Cyrus]
Harry Styles,Watermelon Sugar
Linkin Park,Numb
Fuerza Regida,T√ö NAME
"French Montana, Swae Lee",Unforgettable
Joost,Europapa
Lazza,100 MESSAGGI
Miley Cyrus,Angels Like You
Bill Withers,Ain't No Sunshine
Ariana Grande,we can't be friends (wait for your love)
Ariana Grande,the boy is mine
Ariana Grande,bye
Ariana Grande,eternal sunshine
Ariana Grande,supernatural
Ariana Grande,don't wanna break up again
Ariana Grande,true story
Ariana Grande,intro (end of the world)
Ariana Grande,i wish i hated you
Ariana Grande,imperfect for you
Ariana Grande,Saturn Returns Interlude
"Ariana Grande, Nonna",ordinary things (feat. Nonna)
"Natanael Cano, Oscar Maydon",Madonna
"4batz, Drake",act ii: date @ 8 (feat. Drake) - remix
Dasha,Austin (Boots Stop Workin')
Madison Beer,make you mine
Junior H,ROCKSTAR
Sia,Unstoppable
The Neighbourhood,Softcore
"Oscar Maydon, Gabito Ballesteros, Chino Pacas",Elvira
V,FRI(END)S
Zeynep Bastƒ±k,Lan
AC/DC,Highway to Hell
"Shakira, Wyclef Jean",Hips Don't Lie (feat. Wyclef Jean)
Artemas,if u think i'm pretty
"Future, Metro Boomin, Kendrick Lamar",Like That
Hozier,Too Sweet
"Future, Metro Boomin, Travis Scott, Playboi Carti",Type Shit
Artemas,i like the way you kiss me
"Future, Metro Boomin, Travis Scott",Cinderella
Olivia Rodrigo,obsessed
"Future, Metro Boomin",We Don't Trust You
"Future, Metro Boomin, The Weeknd",Young Metro
Xavi,Coraz√≥n de Piedra
"Peso Pluma, Tito Double P, Joel De La P",LA PEOPLE II
"Future, Metro Boomin",Ice Attack
Benson Boone,Slow It Down
Olivia Rodrigo,so american
"Future, Metro Boomin",Slimed In
"Future, Metro Boomin",Claustrophobic
"Future, Metro Boomin",Magic Don Juan (Princess Diana)
"Future, Metro Boomin",Runnin Outta Time
"Shakira, Cardi B",Punter√≠a
"Future, Metro Boomin",Fried (She a Vibe)
"Future, Metro Boomin, Rick Ross",Everyday Hustle
CYRIL,Stumblin' In
ILLIT,Magnetic
"Beyonc√©, Miley Cyrus",II MOST WANTED
Beyonc√©,JOLENE
Beyonc√©,BODYGUARD
"Beyonc√©, Post Malone",LEVII'S JEANS
Beyonc√©,AMERIICAN REQUIEM
"Beyonc√©, Tanner Adell, Brittney Spencer, Tiera Kennedy, Reyna Roberts",BLACKBIIRD
Beyonc√©,DAUGHTER
"Beyonc√©, Linda Martell, Shaboozey",SPAGHETTII
Beyonc√©,16 CARRIAGES
Beyonc√©,YA YA
Mark Ambor,Belong Together
"Camila Cabello, Playboi Carti",I LUV IT (feat. Playboi Carti)
"j-hope, Gaeko, YOON MIRAE",NEURON (with Gaeko & YOON MIRAE)
"Beyonc√©, Rumi Carter",PROTECTOR
G-Eazy,Lady Killers II
Beyonc√©,ALLIIGATOR TEARS
Beyonc√©,MY ROSE
"Beyonc√©, Dolly Parton",TYRANT
"Beyonc√©, Willie Nelson",SMOKE HOUR ‚òÖ WILLIE NELSON
"Beyonc√©, Willie Jones",JUST FOR FUN
Beyonc√©,RIIVERDANCE
Beyonc√©,FLAMENCO
"The Academy: Segunda Misi√≥n, Sech, Justin Quiles, Lenny Tav√°rez, Dalex, D√≠melo Flow, Myke Towers",LA RANGER (feat. Myke Towers)
Henry Moodie,drunk text
"Gabito Ballesteros, Natanael Cano",El Boss
Jungle,Back On 74
Beyonc√©,II HANDS II HEAVEN
"Bizarrap, Natanael Cano","Natanael Cano: Bzrp Music Sessions, Vol. 59/66"
J. Cole,7 Minute Drill
"Bizarrap, Natanael Cano",Entre las de 20
Bryson Tiller,Whatever She Wants [BONUS]
J. Cole,Crocodile Tearz
BABYMONSTER,SHEESH
"J. Cole, Bas, Central Cee",H.Y.B. (feat. Bas & Central Cee)
"Tiago PZK, Ke Personajes",Piel
Benson Boone,Cry
Billie Eilish,hotline (edit)
Dominic Fike,Babydoll
Foster The People,Pumped Up Kicks
Isabel LaRosa,Favorite
J. Cole,Huntin‚Äô Wabbitz
Beach Weather,"Sex, Drugs, Etc."
d4vd,Feel It (From ‚ÄúInvincible‚Äù)
"J. Cole, Ari Lennox, Young Dro, Gucci Mane","Pricey (feat. Ari Lennox, Young Dro & Gucci Mane)"
Fuerza Regida,SABOR FRESA
TOMORROW X TOGETHER,Deja Vu
"Earth, Wind & Fire",September
Noah Cyrus,July
Sabrina Carpenter,Espresso
Dua Lipa,Illusion
"Future, Metro Boomin, The Weeknd",We Still Don't Trust You
"Jaxomy, Agatino Romero, Raffaella Carr√†",Pedro
Lay Bankz,Tell Ur Girlfriend
Chappell Roan,"Good Luck, Babe!"
"Disturbed, CYRIL",The Sound of Silence - CYRIL Remix
"David Guetta, OneRepublic",I Don't Wanna Wait
"DJ JZ, Humberto & Ronaldo, Mc Mininin, DJ LG PROD, Silvanno Salles",Mtg Quero Te Encontrar
Shaboozey,A Bar Song (Tipsy)
"Luis R Conriquez, Neton Vega",Si No Quieres No
"iZaak, JHAYCO, Anuel AA",BBY BOO - REMIX
"Bakar, Summer Walker",Hell N Back (feat. Summer Walker)
"Young Miko, Feid",offline
"Tyla, Gunna, Skillibeng",Jump
Bruno Mars,Talking to the Moon
"Taylor Swift, Post Malone",Fortnight (feat. Post Malone)
Taylor Swift,Down Bad
Taylor Swift,"So Long, London"
Taylor Swift,I Can Do It With a Broken Heart
Taylor Swift,The Tortured Poets Department
Taylor Swift,My Boy Only Breaks His Favorite Toys
Taylor Swift,But Daddy I Love Him
"Taylor Swift, Florence + The Machine",Florida!!! (feat. Florence + The Machine)
Taylor Swift,Who‚Äôs Afraid of Little Old Me?
Taylor Swift,Guilty as Sin?
Taylor Swift,Fresh Out The Slammer
Taylor Swift,loml
Taylor Swift,The Smallest Man Who Ever Lived
Taylor Swift,The Alchemy
Taylor Swift,I Can Fix Him (No Really I Can)
Taylor Swift,Clara Bow
Taylor Swift,The Black Dog
Drake,Push Ups
Taylor Swift,imgonnagetyouback
Taylor Swift,So High School
Taylor Swift,thanK you aIMee
Taylor Swift,The Albatross
Taylor Swift,The Prophecy
Taylor Swift,How Did It End?
Taylor Swift,Chloe or Sam or Sophia or Marcus
Taylor Swift,I Hate It Here
"Rvssian, Rauw Alejandro, Ayra Starr",Santa
Taylor Swift,I Look in People's Windows
Taylor Swift,Peter
Taylor Swift,Cassandra
Taylor Swift,The Bolter
Taylor Swift,The Manuscript
Taylor Swift,Robin
"Bhavi, Seven Kayne, Milo j, Tiago PZK, KHEA, Neo Pistea","BESAME (feat. Tiago PZK, Khea & Neo Pistea) - Remix"
"Sevdaliza, Villano Antillano, Tokischa","Ride Or Die, Pt. 2 (with Villano Antillano & Tokischa)"
Felipe e Rodrigo,Gosta De Rua - Ao Vivo
"Myke Towers, Bad Bunny",ADIVINO
Kendrick Lamar,euphoria
Tommy Richman,MILLION DOLLAR BABY
Reynmen,Renklensin
"ZICO, JENNIE",SPOT!
"Rels B, Junior H",Un Desperdicio
"Rels B, Lia Kali",La Vida Sin Ti
"AYLIVA, Apache 207",Wunder
Gustavo Moura & Rafael,Digitando
Yeat,If We Being R√´al
MUSIC LAB JPN,Danza Kuduro - Cover
A$AP Rocky,Sundress
"Belinda, Natanael Cano",300 Noches
SZA,Nobody Gets Me
The Outfield,Your Love
WALK THE MOON,Shut Up and Dance
Kendrick Lamar,Not Like Us
Drake,Family Matters
Kendrick Lamar,meet the grahams
Dua Lipa,These Walls
Kendrick Lamar,HUMBLE.
Tommy Richman,MILLION DOLLAR BABY (VHS)
Bayhan,Tiryakinim
Journey,Don't Stop Believin' (2022 Remaster)
Daya,Hide Away
Sexyy Red,Get It Sexyy
Amy Winehouse,Back To Black
"Post Malone, Morgan Wallen",I Had Some Help (Feat. Morgan Wallen)
Nemo,The Code
Myles Smith,Stargazing
RM,Come back to me
"Peso Pluma, Junior H, Eslabon Armado",LA DURANGO
Baby Lasagna,Rim Tim Tagi Dim
Slimane,Mon amour
Gunna,one of wun
XXXTENTACION,Revenge
The White Stripes,Seven Nation Army
"Stray Kids, Charlie Puth",Lose My Breath (Feat. Charlie Puth)
"Pitbull, AFROJACK, Ne-Yo, Nayer",Give Me Everything (feat. Nayer)
"SAIKO, JC Reyes, Dei V",BADGYAL
Billie Eilish,LUNCH
Billie Eilish,CHIHIRO
Billie Eilish,BIRDS OF A FEATHER
Billie Eilish,WILDFLOWER
Billie Eilish,SKINNY
Billie Eilish,BLUE
Billie Eilish,L‚ÄôAMOUR DE MA VIE
Billie Eilish,THE GREATEST
Billie Eilish,THE DINER
Billie Eilish,BITTERSUITE
aespa,Supernova
"Ram Sampath, Arijit Singh, Prashant Pandey","Sajni (From ""Laapataa Ladies"")"
Lithe,Fall Back
Luke Combs,Ain't No Love In Oklahoma (From Twisters: The Album)
Natanael Cano,Ya Te Olvide
"DJ TOPO, Seu Jorge, Mc Leozin, MC G15",MTG QUEM N√ÉO QUER SOU EU
"THE BOX, Mc Brinquedo, MC Cebezinho, MC Tuto, Mc Laranjinha, DJ Oreia",THE BOX MEDLEY FUNK 2
"Central Cee, Lil Baby",BAND4BAND (feat. Lil Baby)
Zach Bryan,Pink Skies
RM,LOST!
NewJeans,How Sweet
Cris MJ,SI NO ES CONTIGO
"Alvaro Diaz, Feid",GATITAS SANDUNGUERAS - VOL.1
Michael Jackson,Billie Jean
TOTO,Africa
Eminem,Houdini
aespa,Armageddon
"Oscar Maydon, Junior H",Volver Al Futuro
"FloyyMenor, Lewis Somes",APAGA EL CEL
"Coolio, L.V.",Gangsta's Paradise
Calvin Harris,Summer
Trueno,REAL GANGSTA LOVE
"Akon, Eminem",Smack That
Sabrina Carpenter,Please Please Please
Jung Kook,Never Let Go
Gracie Abrams,Close To You
Feid,SORRY 4 THAT MUCH
Tinashe,Nasty
Grupo Firme,El Beneficio De La Duda
Charli xcx,360
"Los √Ångeles Azules, Emilia","Perdonarte, ¬øPara Qu√©?"
"dj sv, Doug Hits, Manim Vaqueiro",Mtg Forr√≥ e Desmantelo
"Morgan Wallen, ERNEST",Cowgirls
Chappell Roan,Red Wine Supernova
Chappell Roan,HOT TO GO!
Tommy Richman,DEVIL IS A LIE
"Adam Port, Stryv, Keinemusik, Orso, Malachiii",Move
Maki,Dilaw
"Lu√≠sa Sonza, KayBlack",Sagrado Profano
Luke Combs,The Man He Sees in Me
AC/DC,You Shook Me All Night Long
KAROL G,Si Antes Te Hubiera Conocido
"Post Malone, Blake Shelton",Pour Me A Drink (Feat. Blake Shelton)
"Gracie Abrams, Taylor Swift",us. (feat. Taylor Swift)
"Mustard, Travis Scott",Parking Lot
"Peso Pluma, Natanael Cano, Gabito Ballesteros",VINO TINTO
Coldplay,feelslikeimfallinginlove - Single Version
"Charli xcx, Lorde","Girl, so confusing featuring lorde"
The Kid LAROI,NIGHTS LIKE THIS
Jordan Adetunji,KEHLANI
TOTO,Hold the Line
Dua Lipa,Don't Start Now
Train,"Hey, Soul Sister"
"Peso Pluma, Neton Vega",LA PATRULLA
"Eurythmics, Annie Lennox, Dave Stewart",Sweet Dreams (Are Made of This) - 2005 Remaster
"Jimin, Loco",Smeraldo Garden Marching Band (feat. Loco)
LISA,Rockstar
The Kid LAROI,GIRLS
"Sevdaliza, Pabllo Vittar, Yseult",Alibi (with Pabllo Vittar & Yseult)
"Blessd, Ovy On The Drums",M√≠rame
Chappell Roan,Pink Pony Club
Travis Scott,BUTTERFLY EFFECT
AC/DC,Thunderstruck
"Quavo, Lana Del Rey",Tough
Morgan Wallen,Lies Lies Lies
"Eminem, Big Sean, BabyTron",Tobey (feat. Big Sean and BabyTron)
Zach Bryan,28
"Megan Thee Stallion, Yuki Chiba",Mamushi (feat. Yuki Chiba)
Karan Aujla,"Tauba Tauba (From ""Bad Newz"")"
Dominic Fike,misses
"Lost Frequencies, Calum Scott",Where Are You Now
Eminem,Renaissance
"Eminem, White Gold",Habits
Eminem,Brand New Dance
"Eminem, JID",Fuel
Eminem,Trouble
Eminem,Evil
"Ice Spice, Central Cee",Did It First (with Central Cee)
"Eminem, Sly Pyper",Lucifer
"Eminem, Jelly Roll",Somebody Save Me
Eminem,Antichrist
Eminem,Guilty Conscience 2
"Eminem, Skylar Grey",Temporary
"Eminem, Dem Jointz, Sly Pyper",Road Rage
"Eminem, Ez Mil",Head Honcho
"Natanael Cano, Oscar Maydon",Giza
"Gorillaz, De La Soul",Feel Good Inc.
"Big One, Maria Becerra, Trueno",Cuando Te Vi | CROSSOVER #5
"Eminem, White Gold",Bad One
"Calvin Harris, Rihanna",This Is What You Came For
Jimin,Who
Stray Kids,Chk Chk Boom
Lomiiel,HAY LUPITA
Kapo,OHNANA
Jimin,Be Mine
Charli xcx,Apple
"Jimin, Sofia Carson",Slow Dance (feat. Sofia Carson)
Jimin,Rebirth (Intro)
"Dionela, Jay R",sining (feat. Jay R)
Alphaville,Forever Young
Chappell Roan,Casual
"Boza, ELENA ROSE",ori√≥N
"Charlie Puth, Selena Gomez",We Don't Talk Anymore (feat. Selena Gomez)
*NSYNC,Bye Bye Bye
"Post Malone, Luke Combs",Guy For That (Feat. Luke Combs)
"Hanumankind, Kalmi",Big Dawgs
"Peso Pluma, Kenia Os",TOMMY & PAMELA
Travis Scott,HIGHEST IN THE ROOM
"Lost Frequencies, Tom Odell",Black Friday (pretty like the sun)
Backstreet Boys,I Want It That Way
"Gordo, Drake",Sideways
"Charli xcx, Billie Eilish",Guess featuring billie eilish
"¬•$, Kanye West, Ty Dolla $ign",FIELD TRIP
Gracie Abrams,"I Love You, I'm Sorry"
Adele,Easy On Me
La Oreja de Van Gogh,Rosas
"¬•$, Kanye West, Ty Dolla $ign",FRIED
"¬•$, Kanye West, Ty Dolla $ign",SLIDE
Adele,Someone Like You
"¬•$, Kanye West, Ty Dolla $ign",PROMOTION
Kings of Leon,Sex on Fire
Grelo,S√≥ F√©
Fuerza Regida,NEL
Sal Priadi,Gala bunga matahari
Shawn Mendes,Why Why Why
"Drake, Young Thug, 21 Savage",It's Up (feat. Young Thug & 21 Savage)
Bernadya,Satu Bulan
Chappell Roan,Femininomenon
FloyyMenor,PELIGROSA
"Lady Gaga, Bruno Mars",Die With A Smile
"LISA, ROSAL√çA",New Woman (feat. ROSAL√çA)
"Post Malone, Tim McGraw",Wrong Ones (Feat. Tim McGraw)
"Peso Pluma, Tito Double P",LOS CUADROS
Gigi Perez,Sailor Song
"P!nk, Nate Ruess",Just Give Me a Reason (feat. Nate Ruess)
Post Malone,What Don't Belong To Me
Kapo,UWAIE
"Post Malone, Chris Stapleton",California Sober (Feat. Chris Stapleton)
Adele,Rolling in the Deep
Sabrina Carpenter,Taste
Sabrina Carpenter,Good Graces
Sabrina Carpenter,Bed Chem
Sabrina Carpenter,Juno
Sabrina Carpenter,Sharpest Tool
Sabrina Carpenter,Coincidence
Sabrina Carpenter,Slim Pickins
Sabrina Carpenter,Dumb & Poetic
Sabrina Carpenter,Don‚Äôt Smile
Sabrina Carpenter,Lie To Girls
Oasis,Wonderwall - Remastered
"Maisak, Feid",SE ME OLVIDA
Travis Scott,Drugs You Should Try It
"Mari Fernandez, Z√© Felipe","Louco, Louco - Ao Vivo"
"Sachin-Jigar, Amitabh Bhattacharya, Madhubanti Bagchi, Divya Kumar","Aaj Ki Raat (From ""Stree 2"")"
Teddy Swims,The Door
Bernadya,"Untungnya, Hidup Harus Tetap Berjalan"
"Offset, Metro Boomin",Ric Flair Drip (with Metro Boomin)
Alex Warren,Carry You Home
LE SSERAFIM,CRAZY
Oasis,Don't Look Back in Anger - Remastered
"Tito Double P, Peso Pluma",DOS D√çAS
The Kid LAROI,BABY I'M BACK
KATSEYE,Touch
El Padrinito Toys,Tal Vez Fui Yo
"Kaique e Felipe, Luan Pereira",Saveiro
Tito Double P,EL LOKERON
"NATTAN, Z√© Felipe, O REI DA BATIDINHA",Patrai
Addison Rae,Diet Pepsi
Surf Curse,Disco
Twenty One Pilots,Stressed Out
Linkin Park,The Emptiness Machine
"Megan Thee Stallion, RM",Neva Play (feat. RM of BTS)
Linkin Park,Faint
Linkin Park,One Step Closer
"Tito Double P, Chino Pacas",ESCAPATE
Red Hot Chili Peppers,Can't Stop
Surf Curse,Freaks
"Daniel Caesar, H.E.R.",Best Part (feat. H.E.R.)
Playboi Carti,ALL RED
The Weeknd,Dancing In The Flames
Tate McRae,It's ok I'm ok
Juli√≥n √Ålvarez y su Norte√±o Banda,Rey Sin Reina
"Cris MJ, FloyyMenor, LOUKI",Despu√©s De La 1
Odetari,KEEP UP
Ed Sheeran,Photograph
Ndotz,Embrace It
Anuv Jain,Jo Tum Mere Ho
Bernadya,Kata Mereka Ini Berlebihan
The Cranberries,Linger
Bad Bunny,Una Velita
Linkin Park,Heavy Is the Crown
"Yandel, Feid",HABLAME CLARO
Future,TEFLON DON
"The Weeknd, Playboi Carti",Timeless (feat Playboi Carti)
"Omar Courtz, De La Rose",Q U E V A S H A C E R H O Y ?
girl in red,we fell in love in october
Shakira,Soltera
Don Toliver,NEW DROP
Bruno Mars,It Will Rain
Billie Eilish,ocean eyes
Ed Sheeran,Shape of You
"Valentino Merlo, The La Planta",Hoy
LISA,Moonlit Floor (Kiss Me)
"Oscar Maydon, Fuerza Regida",Tu Boda
Crowded House,Don't Dream It's Over
HUMBE,KINTSUGI
Coldplay,feelslikeimfallinginlove
"A$AP Rocky, Imogen Heap, Clams Casino",I Smoked Away My Brain (I'm God x Demons Mashup) (feat. Imogen Heap & Clams Casino)
Justin Bieber,Love Yourself
Justin Bieber,Sorry
JENNIE,Mantra
"Charli xcx, Ariana Grande",Sympathy is a knife featuring ariana grande
"Tito Double P, Grupo Frontera",AY MAM√Å
"KSI, Trippie Redd",Thick Of It (feat. Trippie Redd)
Creepy Nuts,„Ç™„Éà„Éé„Ç± - Otonoke
One Direction,Story of My Life
Junior H,PI√âNSALO
Henrique & Juliano,√öltima Saudade - Ao Vivo
"Victor Mendivil, Oscar Maydon",Mejores Jordans
"ROS√â, Bruno Mars",APT.
Morgan Wallen,Love Somebody
One Direction,Perfect
Gracie Abrams,That‚Äôs So True
One Direction,What Makes You Beautiful
One Direction,Steal My Girl
"Tyler, The Creator",Noid
Bruno Mars,Treasure
aespa,UP - KARINA Solo
aespa,Whiplash
Capital Cities,Safe and Sound
"Myke Towers, benny blanco",DEGENERE üëë (feat. benny blanco)
One Direction,You & I
"Tyler, The Creator, Daniel Caesar",St. Chroma (feat. Daniel Caesar)
"Tyler, The Creator",Rah Tah Tah
"Tyler, The Creator, Teezo Touchdown","Darling, I (feat. Teezo Touchdown)"
"Tyler, The Creator, GloRilla, Sexyy Red, Lil Wayne","Sticky (feat. GloRilla, Sexyy Red & Lil Wayne)"
Jin,I'll Be There
Lady Gaga,Disease
"MC Tuto, DJ Glenner",Barbie
"Tyler, The Creator",Hey Jane
"Tyler, The Creator, ScHoolboy Q, Santigold",Thought I Was Dead (feat. ScHoolboy Q & Santigold)
"Tyler, The Creator",Judge Judy
"Tyler, The Creator, Daniel Caesar, LaToiya Williams",Take Your Mask Off (feat. Daniel Caesar & LaToiya Williams)
"Tyler, The Creator",I Killed You
"Gabito Ballesteros, Natanael Cano, Luis R Conriquez, Neton Vega",PRESIDENTE
"Tyler, The Creator, Lola Young",Like Him (feat. Lola Young)
"Tyler, The Creator",Tomorrow
"Tyler, The Creator, Doechii",Balloon (feat. Doechii)
Ray Parker Jr.,Ghostbusters
Michael Jackson,Thriller
"Tyler, The Creator",I Hope You Find Your Way Home
"Bobby ""Boris"" Pickett, The Crypt-Kickers",Monster Mash
"W Sound, Blessd, Ovy On The Drums",Soltera - W Sound 01
The Citizens of Halloween,This Is Halloween
"Tyler, The Creator",BEST INTEREST
Alec Benjamin,Let Me Down Slowly
Britney Spears,Toxic
"The Weeknd, Anitta",S√£o Paulo (feat. Anitta)
Mariah Carey,All I Want for Christmas Is You
"Duki, Myke Towers",Nueva Era
BABYMONSTER,DRIP
Teddy Swims,Bad Dreams
Bruno Mars,Grenade
Cigarettes After Sex,Cry
Gracie Abrams,"I miss you, I‚Äôm sorry"
"The Chainsmokers, Halsey",Closer
"KAROL G, Feid, DFZM, Ovy On The Drums, J Balvin, Maluma, Ryan Castro, Blessd",+57
"Ryan Castro, Peso Pluma, SOG",QUEMA
Arctic Monkeys,No. 1 Party Anthem
Brenda Lee,Rockin' Around The Christmas Tree
The Mar√≠as,No One Noticed
Don Toliver,No Pole
Gunna,on one tonight
Lil Tecca,Ransom
Bobby Helms,Jingle Bell Rock
"Maroon 5, Wiz Khalifa",Payphone
Ariana Grande,Santa Tell Me
Jin,Running Wild
"Rauw Alejandro, Bad Bunny",Qu√© Pasar√≠a...
Linkin Park,Two Faced
"Rauw Alejandro, Romeo Santos",Kh√©?
Jin,I‚Äôll Be There
Tate McRae,2 hands
"Rauw Alejandro, Laura Pausini",Se Fue
Linkin Park,Over Each Other
Rauw Alejandro,T√∫ Con √âl
Linkin Park,Cut the Bridge
Dean Martin,Let It Snow! Let It Snow! Let It Snow!
Linkin Park,Stained
Michael Bubl√©,It's Beginning to Look a Lot like Christmas
Linkin Park,Casualty
Linkin Park,Overflow
Linkin Park,Good Things Go
"Rauw Alejandro, Feid",Revol√∫
Andy Williams,It's the Most Wonderful Time of the Year
Chezile,Beanie
Kelly Clarkson,Underneath the Tree
"MC LUUKY, DJ JB Mix",Malvadinho
Linkin Park,IGYEIH
"Jin, WENDY",Heart on the Window (with WENDY)
"Kendrick Lamar, SZA",luther (with sza)
Kendrick Lamar,squabble up
"Kendrick Lamar, Lefty Gunplay",tv off (feat. lefty gunplay)
Kendrick Lamar,wacced out murals
"Arcane, Stromae, Pomme",Ma Meilleure Ennemie (from the series Arcane League of Legends)
"Kendrick Lamar, Dody6",hey now (feat. dody6)
Kendrick Lamar,reincarnated
Kendrick Lamar,man at the garden
"Kendrick Lamar, Wallie the Sensei, Siete7x, Roddy Ricch","dodger blue (feat. wallie the sensei, siete7x, roddy ricch)"
Kendrick Lamar,heart pt. 6
"Kendrick Lamar, AZ Chike",peekaboo (feat. azchike)
"Kendrick Lamar, SZA",gloria (with sza)
"Kendrick Lamar, Hitta J3, YoungThreat, Peysoh","gnx (feat. hitta j3, youngthreat, peysoh)"
ROS√â,number one girl
Tito Double P,NADIE
"Cynthia Erivo, Ariana Grande",Defying Gravity
Juice WRLD,All Girls Are The Same
Ariana Grande,Popular
Juice WRLD,Lucid Dreams
Michael Bubl√©,Holly Jolly Christmas
Jos√© Feliciano,Feliz Navidad
"Twenty One Pilots, Arcane, League of Legends",The Line (from the series Arcane League of Legends)
"GloRilla, Sexyy Red",WHATCHU KNO ABOUT ME (feat. Sexyy Red)
"Arcane, Woodkid",To Ashes and Blood (from the series Arcane League of Legends)
Chino Pacas,Morena Canela
The Ronettes,Sleigh Ride
"Ariana Grande, Cynthia Erivo",What Is This Feeling?
Maluma,Cosas Pendientes
John Williams,"Carol of the Bells (From ""Home Alone"" Soundtrack)"
"Ashnikko, Arcane, League of Legends",Paint The Town Blue (from the series Arcane League of Legends)
"Perry Como, The Fontane Sisters, Mitchell Ayres & His Orchestra",It's Beginning to Look a Lot Like Christmas (with Mitchell Ayres & His Orchestra)
Wham!,Last Christmas
"V, Park Hyo Shin",Winter Ahead (with PARK HYO SHIN)
Justin Bieber,Mistletoe
Nat King Cole,The Christmas Song (Merry Christmas To You)
Juice WRLD,Empty Out Your Pockets
"John Lennon, Yoko Ono",Happy Xmas (War Is Over) - Remastered 2010
"Arcane, Twenty One Pilots",The Line (from the series Arcane League of Legends)
"Bing Crosby, Ken Darby Singers, John Scott Trotter & His Orchestra",White Christmas - 1947 Version
Shakin' Stevens,Merry Christmas Everyone
Paul McCartney,Wonderful Christmastime - Edited Version / Remastered 2011
Frank Sinatra,Let It Snow! Let It Snow! Let It Snow!
Nat King Cole,Deck The Hall
Darlene Love,Christmas (Baby Please Come Home)
Chase Atlantic,Swim
yung kai,blue
Chuck Berry,Run Rudolph Run
Laufey,Winter Wonderland - Spotify Singles Holiday
"Ed Sheeran, Elton John",Merry Christmas
Elvis Presley,Blue Christmas
Chris Rea,Driving Home for Christmas - 2019 Remaster
Frank Sinatra,Jingle Bells - Remastered 1999
Juice WRLD,Misfit
Pentatonix,Hallelujah
"Arcane, Ashnikko",Paint The Town Blue (from the series Arcane League of Legends)
Frank Sinatra,Have Yourself A Merry Little Christmas - Remastered 1999
"Eartha Kitt, Henri Ren√© and His Orchestra",Santa Baby (with Henri Ren√© & His Orchestra)
Elton John,Step Into Christmas - Remastered 1995
"Arcane, d4vd",Remember Me (from the series Arcane League of Legends)
ROS√â,toxic till the end
Bad Bunny,EL CL√∫B
"V, Bing Crosby",White Christmas (with V of BTS)
Tito Double P,ROSONES
The Moonglows,Hey Santa Claus
Lola Young,Messy
"Frank Sinatra, B. Swanson Quartet",Let It Snow! Let It Snow! Let It Snow! (with The B. Swanson Quartet)
Sabrina Carpenter,A Nonsense Christmas
Peso Pluma,gervonta
Burl Ives,A Holly Jolly Christmas
"Natanael Cano, Nueva H",Amapola
Band Aid,Do They Know It's Christmas? - 1984 Version
"The Pogues, Kirsty MacColl",Fairytale of New York (feat. Kirsty MacColl)
The Beach Boys,Little Saint Nick - 1991 Remix
"Kelly Clarkson, Ariana Grande","Santa, Can‚Äôt You Hear Me"
ROS√â,drinks or coffee
"Bing Crosby, The Andrews Sisters",Mele Kalikimaka (Merry Christmas)
Mariah Carey,Christmas (Baby Please Come Home)
Gene Autry,Here Comes Santa Claus (Right Down Santa Claus Lane) - 1947 Version
"Tito Double P, Junior H",5-7
"Jorsshh, Fuerza Regida",ROSONES
"Brenno & Matheus, DJ Ari SL",Descer Pra BC
Britney Spears,My Only Wish (This Year)
Burl Ives,Christmas Child
Eagles,Please Come Home for Christmas - 2013 Remaster
Tyla,PUSH 2 START
"Gwen Stefani, Blake Shelton",You Make It Feel Like Christmas (feat. Blake Shelton)
Vince Guaraldi Trio,Christmas Time Is Here
Mark Ambor,Run Rudolph Run - Spotify Singles Holiday
Queen,Thank God It's Christmas - Non-Album Single
Taylor Swift,Christmas Tree Farm
Burl Ives,Rudolph The Red-Nosed Reindeer
Bruce Springsteen,"Santa Claus Is Comin' to Town - Live at C.W. Post College, Greenvale, NY - December 1975"
Kesha,Holiday Road - Spotify Singles Holiday
Coldplay,Christmas Lights
C√©line Dion,O Holy Night
Jonas Brothers,Like It's Christmas
Daryl Hall & John Oates,Jingle Bell Rock - Daryl's Version
Laufey,Santa Baby
Meghan Trainor,I'll Be Home
The Weavers,We Wish You A Merry Christmas
Sia,Santa's Coming for Us
"SZA, Kendrick Lamar",30 For 30 (with Kendrick Lamar)
Bing Crosby,Do You Hear What I Hear? - Remastered 2006
Donny Hathaway,This Christmas
Michael Bubl√©,Winter Wonderland
Nat King Cole,Joy To The World
Ava Max,Christmas Without You
Bing Crosby,Winter Wonderland - Remastered 2006
Elvis Presley,Here Comes Santa Claus (Right Down Santa Claus Lane)
Ella Fitzgerald,Frosty The Snowman
*NSYNC,"Merry Christmas, Happy Holidays"
The Jackson 5,I Saw Mommy Kissing Santa Claus
Ariana Grande,Last Christmas
Dean Martin,Rudolph The Red-Nosed Reindeer
"Idina Menzel, Michael Bubl√©",Baby It's Cold Outside (with Michael Bubl√©)
The Jackson 5,Santa Claus Is Coming To Town
Ella Fitzgerald,Sleigh Ride
Leona Lewis,One More Sleep
Andy Williams,Happy Holiday / The Holiday Season
"Michael Bubl√©, The Puppini Sisters",Jingle Bells (feat. The Puppini Sisters)
Michael Bubl√©,Santa Claus Is Coming to Town
SZA,BMF
Wizzard,I Wish It Could Be Christmas Everyday
Stevie Wonder,What Christmas Means To Me
Slade,Merry Xmas Everybody
Dean Martin,"Baby, It's Cold Outside"
"Nilo, Mc Paiva ZS, DJ Di Marques, Tropa da W&S, FamousKyo",Fui Mlk
"Alleh, Yorghaki",capaz (merengueton)
"Oruam, Z√© Felipe, MC Tuto, Dj Lc da Ro√ßa, Mc Rodrigo do CN, MC K9, mc pl alves",Oh Garota Eu Quero Voc√™ S√≥ Pra Mim.
Frank Sinatra,Santa Claus Is Coming To Town
Neton Vega,Loco
"Naughty Boy, Sam Smith",La La La
Bad Bunny,PIToRRO DE COCO
Grupo Menos √â Mais,Cora√ß√£o Partido (Coraz√≥n Part√≠o) - Ao Vivo
"Fuerza Regida, Grupo Frontera",ME JALO
"Danny Ocean, Kapo",Imag√≠nate
Rihanna,Breakin' Dishes
Dionela,Marilag
L√©o Foguete,C√≥pia Proibida
"Pitbull, Kesha",Timber
"J. Eskine, Alef Donk",Resenha do Arrocha
Lady Gaga,Poker Face
"Blessd, Anuel AA, Ovy On The Drums",DEPORTIVO
"SZA, Travis Scott",Open Arms (feat. Travis Scott)
SZA,Scorsese Baby Daddy
"Mark Ronson, Bruno Mars",Uptown Funk (feat. Bruno Mars)
Bad Bunny,NUEVAYoL
Bad Bunny,BAILE INoLVIDABLE
Bad Bunny,DtMF
Bad Bunny,VOY A LLeVARTE PA PR
"Bad Bunny, Omar Courtz, Dei V",VeLD√Å
"Bad Bunny, RaiNao",PERFuMITO NUEVO
"Bad Bunny, Chuwi",WELTiTA
Bad Bunny,EoO
Bad Bunny,KETU TeCR√â
Bad Bunny,KLOuFRENS
Bad Bunny,BOKeTE
Bad Bunny,TURiSTA
"Bad Bunny, Los Pleneros de la Cresta",CAF√© CON RON
Morgan Wallen,Smile
Bad Bunny,LA MuDANZA
Bad Bunny,LO QUE LE PAS√ì A HAWAii
"Lil Baby, Young Thug, Future","Dum, Dumb, and Dumber (with Young Thug & Future)"
"Be√©le, Ovy On The Drums",mi refe
"Henry Freitas, Mc Th",Im√£ de Problema
Doechii,DENIAL IS A RIVER
"J Balvin, Bad Bunny",LA CANCI√ìN
Imogen Heap,Headlock
GELO,Tweaker
"Chrystal, NOTION",The Days - NOTION Remix
Andmesh,Anugerah Terindah
"Sam Barber, Avery Anna",Indigo (feat. Avery Anna)
"Eric Land, Natanzinho Lima",Pilantra e Meio
Avicii,The Nights
"Jombriel, Alex Krack, J√∏tta",Parte & Choke
"Tenxi, Jemsii, Naykilla",Garam & Madu (Sakit Dadaku)
"Jasleen Royal, Stebin Ben, Vijay Deverakonda, Radhikka Madan, Priya Saraiya, Aditya Sharma",Sahiba
The Lantis,Bunga Maaf
"Central Cee, 21 Savage",GBP (feat. 21 Savage)
"Nuzio Medeiros, Henry Freitas, Kadu Martins",Tando
"Luis R Conriquez, Peso Pluma",Bandida
Lauv,I Like Me Better
"Car√≠n Le√≥n, Gabito Ballesteros",Ese Vato No Te Queda
Conan Gray,The Cut That Always Bleeds
Travis Scott,4X4
Tate McRae,Sports car
"Sexyy Red, Bruno Mars",Fat Juicy & Wet
"Central Cee, Dave",CRG (feat. Dave)
Natanzinho Lima,Uma e Quinze da Manh√£
The Weeknd,Cry For Me
Lady Gaga,Abracadabra
"Gabito Ballesteros, Tito Double P",7 DIAS
"The Weeknd, Justice",Wake Me Up (feat. Justice)
The Weeknd,Open Hearts
The Weeknd,Baptized In Fear
"The Weeknd, Travis Scott, Florence + The Machine","Reflections Laughing (feat. Travis Scott, Florence + The Machine)"
"JENNIE, Dominic Fike",Love Hangover (feat. Dominic Fike)
Morgan Wallen,I'm The Problem
"The Weeknd, Lana Del Rey",The Abyss (feat. Lana Del Rey)
"The Weeknd, Future",Enjoy The Show (feat. Future)
The Weeknd,Niagara Falls
The Weeknd,Opening Night
The Weeknd,Given Up On Me
Fetty Wap,Again
The Weeknd,Take Me Back To LA
The Weeknd,I Can't Wait To Get There
"Chuyin, Fuerza Regida, Jorsshh, Calle 24",Pika Pika
"LISA, Doja Cat, RAYE",Born Again (feat. Doja Cat & RAYE)
"Alem√°n, Neton Vega",Te Quer√≠a Ver
Alex Warren,Ordinary
GIVƒíON,TWENTIES
Doechii,NISSAN ALTIMA
Kendrick Lamar,PRIDE.
Neton Vega,Mi Vida Mi Muerte
"Anurag Saikia, Raj Shekhar, Romy, Amarabha Banerjee, Varun Jain, Madhubanti Bagchi, Mismatched - Cast",Ishq Hai
Sabrina Carpenter,Busy Woman
"Olly, Juli",Balorda nostalgia
Drake,NOKIA
Drake,GIMME A HUG
"PARTYNEXTDOOR, Drake",CN TOWER
"PARTYNEXTDOOR, Drake, Yebba",DIE TRYING
Fuerza Regida,Por Esos Ojos
Sabrina Carpenter,15 Minutes
"PARTYNEXTDOOR, Drake",MOTH BALLS
Fedez,BATTITO
JISOO,earthquake
"PARTYNEXTDOOR, Drake",SOMETHING ABOUT YOU
"PARTYNEXTDOOR, Drake",SOMEBODY LOVES ME
PARTYNEXTDOOR,DEEPER
"Neton Vega, Peso Pluma",Morena
Drake,CRYING IN CHANEL
Lucio Corsi,Volevo essere un duro
"PARTYNEXTDOOR, Drake",SPIDER-MAN SUPERMAN
Sabrina Carpenter,Couldn‚Äôt Make It Any Harder
Drake,SMALL TOWN FAME
SZA,Good Days
"Pimmie, PARTYNEXTDOOR, Drake",PIMMIE'S DILEMMA
"Kendrick Lamar, Zacari",LOVE. FEAT. ZACARI.
"Lil Wayne, Drake",She Will
Achille Lauro,Incoscienti Giovani
Giorgia,LA CURA PER ME
Sabrina Carpenter,Bad Reviews
John Legend,All of Me
"Daniel Caesar, Kali Uchis",Get You (feat. Kali Uchis)
Tate McRae,Revolving door
"JENNIE, Doechii",ExtraL (feat. Doechii)
"Don Toliver, Speedy, j-hope, Pharrell Williams",LV Bag (feat. j-hope of BTS & Pharrell Williams)
"Tate McRae, The Kid LAROI",I know love (feat. The Kid LAROI)
Tate McRae,Dear god
Tate McRae,Miss possessive
Tate McRae,Purple lace bra
"Selena Gomez, benny blanco, Gracie Abrams",Call Me When You Break Up (with Gracie Abrams)
"Tate McRae, Flo Milli",bloodonmyhands (feat. Flo Milli)
Neton Vega,M&M
Tate McRae,Signs
"Victor Valverde, JR Torres",El Mayor De Los Ranas
Nirvana,Smells Like Teen Spirit
"Sleepy Hallow, Doechii",ANXIETY (feat. Doechii)
"LISA, Future",FXCK UP THE WORLD (feat. Future)
Tito Double P,TATTOO
"W Sound, Be√©le, Ovy On The Drums",La Plena - W Sound 05
Benson Boone,Sorry I'm Here For Someone Else
Oimara,Wackelkontakt
Tate McRae,Siren sounds (bonus)
Guns N' Roses,Sweet Child O' Mine
Doechii,Anxiety
JENNIE,like JENNIE
"JENNIE, Dua Lipa",Handlebars (feat. Dua Lipa)
Lady Gaga,Garden Of Eden
"j-hope, Miguel",Sweet Dreams (feat. Miguel)
Lady Gaga,Vanish Into You
Lady Gaga,How Bad Do U Want Me
Lady Gaga,Perfect Celebrity
"DG e Batid√£o Stronda, Mc Davi, J. Eskine, MC G15",M√£e Solteira
Lady Gaga,Zombieboy
Lady Gaga,Shadow Of A Man
"WizTheMc, bees & honey",Show Me Love
"Jombriel, DFZM, J√∏tta",VITAMINA
Lady Gaga,LoveDrug
"Lady Gaga, Gesaffelstein",Killah (feat. Gesaffelstein)
"JENNIE, Childish Gambino, Kali Uchis",Damn Right (feat. Childish Gambino & Kali Uchis)
Empire Of The Sun,We Are The People
JENNIE,start a war
"Gotye, Kimbra",Somebody That I Used To Know
JENNIE,ZEN
Playboi Carti,EVIL J0RDAN
"Playboi Carti, The Weeknd",RATHER LIE (with The Weeknd)
"Playboi Carti, Travis Scott",CRUSH (with Travis Scott)
Chappell Roan,The Giver
"Playboi Carti, Kendrick Lamar",GOOD CREDIT (with Kendrick Lamar)
"Playboi Carti, Travis Scott",PHILLY (with Travis Scott)
Playboi Carti,MOJO JOJO
"Playboi Carti, Kendrick Lamar, Jhen√© Aiko",BACKD00R (feat. Kendrick Lamar & Jhen√© Aiko)
"Playboi Carti, Skepta",TOXIC (with Skepta)
Playboi Carti,POP OUT
Playboi Carti,K POP
Playboi Carti,FINE SHIT
Playboi Carti,RADAR
Lil Tecca,Dark Thoughts
Playboi Carti,HBA
"Playboi Carti, Travis Scott",WAKE UP F1LTHY (with Travis Scott)
Earl Agustin,Tibok
"Playboi Carti, Future, Travis Scott",CHARGE DEM HOES A FEE (with Future & Travis Scott)
Playboi Carti,I SEEEEEE YOU BABY BOI
"Playboi Carti, Future",TRIM (with Future)
Playboi Carti,CRANK
"Playboi Carti, Young Thug, Ty Dolla $ign",WE NEED ALL DA VIBES (with Young Thug & Ty Dolla $ign)
"Playboi Carti, Lil Uzi Vert",JUMPIN (with Lil Uzi Vert)
Playboi Carti,MUNYUN
Playboi Carti,COCAINE NOSE
Playboi Carti,OLYMPIAN
Sleep Token,Emergence
"Playboi Carti, Lil Uzi Vert",TWIN TRIM (with Lil Uzi Vert)
Playboi Carti,LIKE WEEZY
Playboi Carti,OPM BABI
LE SSERAFIM,HOT
"Oscar Maydon, Neton Vega",Amigos? No.
Peso Pluma,RARI
Playboi Carti,DIS 1 GOT IT
j-hope,MONA LISA
sombr,back to friends
"Selena Gomez, benny blanco, The Mar√≠as",Ojos Tristes (with The Mar√≠as)
Morgan Wallen,Just In Case
"Selena Gomez, benny blanco",Sunset Blvd
"Xavi, Manuel Turizo",En Privado
"Sachet-Parampara, Parampara Tandon, Kausar Munir","Raanjhan (From ""Do Patti"")"
Ravyn Lenae,Love Me Not
"Selena Gomez, benny blanco",How Does It Feel To Be Forgotten
Be√©le,sobelove
Olivia Rodrigo,traitor
"Jack Harlow, Doja Cat",Just Us (feat. Doja Cat)
Cazzu,Con otra
Ariana Grande,twilight zone
Ariana Grande,dandelion
Ariana Grande,warm
Ariana Grande,Hampstead
Ariana Grande,past life
Ariana Grande,intro (end of the world) - extended
Linkin Park,Up From the Bottom
NIKI,You'll Be in My Heart
"BLOK3, Ati242",Ke≈üke
sombr,undressed
ATLXS,PASSO BEM SOLTO - Slowed
"Maanu, Annural Khalid",Jhol
"Miguel Bueno, Juan Duque",Solcito
"Emilia, TINI, Nicki Nicole",blackout üßä
"Clave Especial, Fuerza Regida",COMO CAPO
Ed Sheeran,Azizam
Cup of Joe,Multo
Sleep Token,Caramel
Malcolm Todd,Chest Pain (I Love)
Miley Cyrus,End of the World
"BigXthaPlug, Bailey Zimmerman",All The Way (feat. Bailey Zimmerman)
"Los Dareyes De La Sierra, Tito Double P",Vita Fer
Evanescence,Bring Me To Life
Leon Thomas,MUTT
Diego & Victor Hugo,Tubar√µes - Ao Vivo
Lana Del Rey,"Henry, come on"
Esau Ortiz,Triple Lavada
"De La Rose, Omar Courtz",NUBES
"Kushagra, Bharath, Saaheal",Finding Her
Raim Laode,Lesung Pipi
"Clave Especial, Edgardo Nu√±ez",TU TU TU
MXZI,MONTAGEM TOMADA - Slowed
Katy Perry,Last Friday Night (T.G.I.F.)
"Lady Gaga, Colby O'Donis",Just Dance
The Script,The Man Who Can't Be Moved
Lady Gaga,Bad Romance
Faris Adam,Stecu Stecu
"Neton Vega, Tito Double P",Chiquita
Nirvana,Come As You Are
"Morgan Wallen, Post Malone",I Ain't Comin' Back (feat. Post Malone)
Lady Gaga,Judas
Charli xcx,party 4 u
"Afusic, AliSoomroMusic",Pal Pal
Addison Rae,Headphones On
"Fourtwnty, Charita Utami",Mangu
"Fuerza Regida, Grupo Frontera",COQUETA
Raim Laode,Komang
"Dj Guuga, Mc Livinho",Vidrado Em Voc√™
Lorde,What Was That
d4vd,Feel It
Benson Boone,Mystical Magical
Sleep Token,Damocles
Lorde,Ribs
"HUGEL, Topic, Arash, Daecolm",I Adore You (feat. Daecolm)
KATSEYE,Gnarly
"Maroon 5, LISA",Priceless (feat. LISA)
"WizTheMc, bees & honey, Tyla",Show Me Love (with Tyla)
Jessie Murph,Blue Strips
"Pashanim, Ceren",Shabab(e)s im VIP
"Lady Gaga, Bradley Cooper",Shallow
Ed Sheeran,Old Phone
Fuerza Regida,Marlboro Rojo
"MOLIY, Silent Addy, Skillibeng, Shenseea",Shake It To The Max (FLY) - Remix
"ROS√â, F1 The Album",Messy (From F1¬Æ The Movie)
"wifiskeleton, i wanna be a jack-o-lantern",Nope your too late i already died
Connie Francis,Pretty Little Baby
Young Miko,WASSUP
Sleep Token,Even In Arcadia
Sleep Token,Dangerous
Sleep Token,Look To Windward
"Calvin Harris, Clementine Douglas",Blessings
Fuerza Regida,ANSIEDAD
KAROL G,Milagros
System Of A Down,Chop Suey!
Jin,Don‚Äôt Say You Love Me
"Morgan Wallen, Tate McRae",What I Want (feat. Tate McRae)
Fuerza Regida,TU SANCHO
KAJ,Bara Bada Bastu
Morgan Wallen,Superman
Tommy Cash,Espresso Macchiato
Morgan Wallen,I Got Better
Abor & Tynna,Baller
JJ,Wasted Love
"Yb Wasg'ood, Ariis",LUNA BALA - Slowed
"Grupo Menos √â Mais, Simone Mendes",P do Pecado - Ao Vivo
"Alex Warren, Jelly Roll",Bloodline
Be√©le,no tiene sentido
Tito Double P,CHAMPAGNE
KAROL G,LATINA FOREVA
"Mora, C. Tangana",DROGA
mgk,clich√©
"Nicky Jam, Be√©le",Hiekka
"Calvin Harris, Ellie Goulding",Outside (feat. Ellie Goulding)
"Tate McRae, F1 The Album",Just Keep Watching (From F1¬Æ The Movie)
Lil Tecca,OWA OWA
Miley Cyrus,Easy Lover
Radiohead,Let Down
Black Eyed Peas,Rock That Body
Danny Ocean,Me Reh√∫so
Taylor Swift,Style
"Danny Ocean, Sech",Priti
Shubh,Supreme
Sabrina Carpenter,Manchild
Ed Sheeran,Sapphire
Addison Rae,Fame is a Gun
"Esau Ortiz, Luis R Conriquez, Oscar Maydon, Alem√°n, Victor Mendivil",Triple Lavada (feat. Victor Mendivil) - Remix
Lola Young,One Thing
"Myke Towers, Quevedo",SOLEAO
"j-hope, GloRilla",Killin' It Girl (feat. GloRilla)
"Oscar Maydon, Peso Pluma",Asquerosamente Rico
j-hope,Killin' It Girl (Solo Version)
Calle 24,SUIZA
"Repsaj, MXZI, ATLXS, Mc Jhey",MONTAGEM BAIL√ÉO
Be√©le,top diesel
"Dj Caio Vieira, MC Meno K, Mc Rodrigo do CN",FAMOSINHA
"Nelly Furtado, Timbaland",Promiscuous
"Ovy On The Drums, Quevedo, Be√©le",YO y T√ö
Twenty One Pilots,The Contract
KATSEYE,Gabriela
"HUNTR/X, EJAE, AUDREY NUNA, REI AMI, KPop Demon Hunters Cast",Golden
"KAROL G, Feid",Verano Rosa
"Saja Boys, Andrew Choi, Neckwav, Danny Chung, KEVIN WOO, samUIL Lee, KPop Demon Hunters Cast",Your Idol
KAROL G,Papasito
"HUNTR/X, EJAE, AUDREY NUNA, REI AMI, KPop Demon Hunters Cast",How It‚Äôs Done
"Fred again.., Skepta, Plaqueboymax",Victory Lap
sombr,we never dated
"Saja Boys, Andrew Choi, Neckwav, Danny Chung, KEVIN WOO, samUIL Lee, KPop Demon Hunters Cast",Soda Pop
"KAROL G, Marco Antonio Sol√≠s",Coleccionando Heridas
"Rumi, Jinu, KPop Demon Hunters Cast, EJAE, Andrew Choi",Free
"HUNTR/X, EJAE, AUDREY NUNA, REI AMI, KPop Demon Hunters Cast",What It Sounds Like
Los Dareyes De La Sierra,Frecuencia
"Nakama, Œ£P",DIA DEL√çCIA
KAROL G,Ivonny Bonita
"HUNTR/X, EJAE, AUDREY NUNA, REI AMI, KPop Demon Hunters Cast",Takedown
TWICE,"TAKEDOWN (JEONGYEON, JIHYO, CHAEYOUNG)"
aespa,Dirty Work
Be√©le,si te pillara
PinkPantheress,Illegal
KATSEYE,Gameboy
Lorde,Shapeshifter
"Alex Warren, ROS√â",On My Mind
"Disco Lines, Tinashe",No Broke Boys
TWICE,Strategy (from the Netflix film KPop Demon Hunters)
Natanael Cano,Blancanieves
Cris MJ,Vamo a Bailotear
Drake,What Did I Miss?
"Don Toliver, Doja Cat, F1 The Album",Lose My Mind (feat. Doja Cat) [From F1¬Æ The Movie]
"Natanael Cano, Gabito Ballesteros",Perlas Negras
Tito Double P,CORAZ√ìN PART√çO
"Sefo, Demet Akalƒ±n",Yerinde Dur
Fleetwood Mac,The Chain - 2004 Remaster
"Veigh, Supernova Ent",Artista Gen√©rico
Aditya Rikhari,Sahiba
Lynyrd Skynyrd,Sweet Home Alabama
BLACKPINK,JUMP
Justin Bieber,DAISIES
Justin Bieber,GO BABY
Justin Bieber,YUKON
Justin Bieber,ALL I CAN TAKE
Justin Bieber,THINGS YOU DO
Justin Bieber,WALKING AWAY
Justin Bieber,BUTTERFLIES
"Justin Bieber, Gunna",WAY IT IS
"Travis Scott, Don Toliver",CHAMPAIN & VACAY
Travis Scott,KICK OUT
TWICE,"TAKEDOWN (JEONGYEON, JIHYO, CHAEYOUNG) (from the Netflix film KPop Demon Hunters)"
Travis Scott,DUMBO
"Justin Bieber, Dijon",DEVOTION
Justin Bieber,FIRST PLACE
Tito Double P,POR SUS BESOS
TWICE,THIS IS FOR
"Justin Bieber, Sexyy Red",SWEET SPOT
"Travis Scott, Sheck Wes, Don Toliver",2000 EXCURSION
"Justin Bieber, Cash Cobain, Eddie Benjamin",SWAG
"Travis Scott, Playboi Carti, Future",WHERE WAS YOU
Quevedo,TUCHAT
"Justin Bieber, Lil B",DADZ LOVE
Justin Bieber,GLORY VOICE MEMO
"Justin Bieber, Druski",SOULFUL
Rels B,TU VAS SIN (fav)
"Tanishk Bagchi, Faheem Abdullah, Arslan Nizami, Irshad Kamil","Saiyaara (From ""Saiyaara"")"
Alex Warren,Eternity
Bad Bunny,ALAMBRE P√∫A
"Tyler, The Creator, Pharrell Williams",Big Poe (feat. Sk8brd)
"Tyler, The Creator",Sugar On My Tongue
Black Sabbath,Paranoid - 2009 Remaster
"Tyler, The Creator",Ring Ring Ring
"Tyler, The Creator",Sucka Free
"Tyler, The Creator",Stop Playing With Me
"Tyler, The Creator, Yebba",I'll Take Care of You (feat. Yebba)
"Tyler, The Creator",Mommanem
"Tyler, The Creator, Madison McFerrin",Don't You Worry Baby (feat. Madison McFerrin)
"Tyler, The Creator",Don't Tap That Glass / Tweakin'
Ozzy Osbourne,Crazy Train
"WizTheMc, bees & honey",Take My Mind
Coldplay,Clocks
"Drake, Central Cee",Which One (feat. Central Cee)
Ozzy Osbourne,No More Tears
"Mithoon, Arijit Singh","Dhun (From ""Saiyaara"")"
"Tanishk Bagchi, Faheem Abdullah, Arslan Nizami, Shreya Ghoshal, Irshad Kamil",Saiyaara Reprise - Female
Black Sabbath,Iron Man - 2009 Remaster
Ozzy Osbourne,"Mama, I'm Coming Home"
"Vishal Mishra, Hansika Pareek, Raj Shekhar","Tum Ho Toh (From ""Saiyaara"")"
Marino,Devil in Disguise
"Sachet-Parampara, Sachet Tandon, Parampara Tandon, Irshad Kamil, Prashant Pandey","Humsafar (From ""Saiyaara"")"
"The Rish, Jubin Nautiyal","Barbaad (From ""Saiyaara"")"
sombr,12 to 12
Chappell Roan,The Subway
"Luis R Conriquez, Fuerza Regida, Neton Vega",Chula Vente
"Felipe Amorim, Vit√£o, BIN, Malibu",Eu Vou na Sua Casa
Kehlani,Folded
"Young Cister, Kreamly",QLOO*
"Silet Open Up, Jacson Seran, Juan Reza, Diva Aurel",TABOLA BALE
"Omar Camacho, Victor Mendivil",2+2
Chino Pacas,OJITOS MENTIROSOS
"AP Dhillon, Shreya Ghoshal",Thodi Si Daaru
Pamungkas,Monolog
Nadhif Basalamah,bergema sampai selamanya
Shawn Mendes,There's Nothing Holdin' Me Back
Pierce The Veil,So Far So Fake
Ed Sheeran,A Little More
"MXZI, Dj Samir, DJ Javi26",MONTAGEM XONADA
"Justin Bieber, Chance the Rapper",Confident
.Feast,Tarot
Doja Cat,Jealous Type
Olivia Dean,Man I Need
Stray Kids,CEREMONY
Charlie Puth,Attention
Laufey,From The Start
Olivia Dean,Nice To Each Other
BLOK3,git
Lana Del Rey,Cinnamon Girl
Sabrina Carpenter,Tears
Sabrina Carpenter,My Man on Willpower
Sabrina Carpenter,Nobody‚Äôs Son
Sabrina Carpenter,When Did You Get Hot?
Sabrina Carpenter,Sugar Talking
Sabrina Carpenter,Go Go Juice
Sabrina Carpenter,House Tour
Sabrina Carpenter,Goodbye
Sabrina Carpenter,We Almost Broke Up Again Last Night
Sabrina Carpenter,Never Getting Laid
Sabrina Carpenter,Don‚Äôt Worry I‚Äôll Make You Worry
"Karan Aujla, Ikky",For A Reason
"Blessd, Anuel AA, Yan Block, Luar La L, Kris R., ROA","YOGURCITO REMIX (feat. Kris R., ROA)"
The 1975,About You
Lady Gaga,The Dead Dance
Junior H,MIENTRAS DUERMES
The Mar√≠as,Sienna
Justin Bieber,LOVE SONG
Poizi,PERDE
"Jere Klein, Katteyes, Mateo on the Beatz",TODO KE VER
"T-Pain, B.o.B",Up Down (Do This All Day) (feat. B.o.B)
Justin Bieber,SPEED DEMON
Radiohead,No Surprises
"Tanishk Bagchi, Faheem Abdullah, Arslan Nizami, Irshad Kamil",Saiyaara
"Easykid, Dysbit",Shiny
Twenty One Pilots,City Walls
Ed Sheeran,Camera
"Drake, Julia Wolf, Yeat",DOG HOUSE (feat. Julia Wolf & Yeat)
RAYE,WHERE IS MY HUSBAND!
Kenshi Yonezu,IRIS OUT
Taylor Swift,Dress
Rihanna,Where Have You Been
Tate McRae,TIT FOR TAT
Olivia Dean,So Easy (To Fall In Love)
Tame Impala,Dracula
"Tkandz, CXSPER",NOW OR NEVER
Doja Cat,Gorgeous
Rihanna,Only Girl (In The World)
Rihanna,Don't Stop The Music
Taylor Swift,The Fate of Ophelia
Taylor Swift,Opalite
Taylor Swift,Elizabeth Taylor
Taylor Swift,Father Figure
Taylor Swift,Wood
Taylor Swift,Actually Romantic
Taylor Swift,CANCELLED!
Taylor Swift,Wi$h Li$t
"Taylor Swift, Sabrina Carpenter",The Life of a Showgirl (feat. Sabrina Carpenter)
Taylor Swift,Eldest Daughter
Taylor Swift,Ruin The Friendship
Taylor Swift,Honey
"Rizky Febian, Adrian Khalif",Alamak
Victor Mendivil,Orula
Tame Impala,The Less I Know The Better
Daniel Caesar,Superpowers
"PEDRO SAMPAIO, Mc Gw, Mc Jhey, Mc Rodrigo do CN, MC Nito",SEQU√äNCIA FEITICEIRA
Mazzy Star,Fade Into You
"JISOO, ZAYN",EYES CLOSED (with ZAYN)
Sam Smith,I'm Not The Only One
Joji,PIXELATED KISSES
"DJ Japa NK, MC Meno K, MC Ryan SP, Mc JacareÃÅ, DJ DAVI DOGDOG",Posso At√© N√£o Te Dar Flores
Tame Impala,My Old Ways
Joji,SLOW DANCING IN THE DARK
"El Bogueto, Yung Beef",Cuando No Era Cantante
Kid Cudi,Maui Wowie
"Justin Timberlake, Timbaland",SexyBack (feat. Timbaland)
"Justin Bieber, Nicki Minaj",Beauty And A Beat
"LE SSERAFIM, j-hope",SPAGHETTI
"UZI, Motive",≈ûarkƒ±lar Sokaklara Ait
"ROSAL√çA, Bj√∂rk, Yves Tumor",Berghain
"Dave, Tems",Raindance (feat. Tems)
"MC GP, Mc Lele JP, DJ DAVI DOGDOG, Dj Andrabeat",ME POSTOU NO DAILY - FESTA DO BIG G
Madison Beer,bittersweet
Ray Parker Jr.,"Ghostbusters - from the ""Ghostbusters"" Original Motion Picture Soundtrack"
Lady Gaga,Bloody Mary
"ROSAL√çA, Yahritza Y Su Esencia",La Perla
"Bizarrap, Daddy Yankee","Daddy Yankee: Bzrp Music Sessions, Vol. 0/66"
ROSAL√çA,Reliquia
ROSAL√çA,"Sexo, Violencia y Llantas"
ROSAL√çA,Divinize
"ROSAL√çA, Dougie F",Porcelana
ROSAL√çA,Dios Es Un Stalker
Joji,Past Won't Leave My Bed
ROSAL√çA,Mio Cristo Piange Diamanti
ROSAL√çA,La Yugular
ROSAL√çA,De Madrug√°
"Talwiinder, NDS, Rippy Grewal",Haseen
ROSAL√çA,Mundo Nuevo
"ROSAL√çA, Estrella Morente, S√≠lvia P√©rez Cruz",La Rumba Del Perd√≥n
ROSAL√çA,Sauvignon Blanc
4 Non Blondes,What's Up?
ROSAL√çA,Magnolias
Ariana Grande,Into You
Michael Jackson,Beat It
Tyla,CHANEL
"EsDeeKid, Rico Ace",Phantom
NF,FEAR
Olivia Dean,A Couple Minutes
Fuerza Regida,CHAVALITAS
Zara Larsson,Lush Life
Metallica,Enter Sandman - Remastered 2021
Neton Vega,Pvta Luna
"Eminem, Rihanna",Love The Way You Lie
Olivia Dean,Baby Steps
Olivia Dean,Let Alone The One You Love
Tate McRae,NOBODY'S GIRL
Stray Kids,Do It
Tate McRae,ANYTHING BUT LOVE
Tate McRae,TRYING ON SHOES
"Cynthia Erivo, Ariana Grande",For Good
"Peso Pluma, Tito Double P",intro
Daniel Caesar,Who Knows
Herencia De Grandes,Ya Borracho
Stray Kids,DIVINE
"HAVEN., Kaitlin Aragon",I Run
Cynthia Erivo,No Good Deed
EsDeeKid,4 Raws
Olivia Dean,Dive
Hindia,everything u are
Chris Grey,LET THE WORLD BURN
BLOK3,KUSURA BAKMA
Kate Bush,Running Up That Hill (A Deal With God)
Idgitaf,Sedia Aku Sebelum Hujan
Laufey,Winter Wonderland
ILLIT,NOT CUTE ANYMORE
She & Him,I Thought I Saw Your Face Today
"El Bogueto, Anuel AA, Fuerza Regida, Yung Beef",Cuando No Era Cantante - Remix
Flipperachi,FA9LA
"Kato, Jon",Turn The Lights Off (feat. Jon)
SIENNA SPIRO,Die On This Hill
"21 Savage, Drake",MR RECOUP
"Shashwat Sachdev, Hanumankind, Jasmine Sandlas, Sudhir Yaduvanshi, Charanjit Ahuja, Muhammad Sadiq, Ranjit Kaur, Babu Singh Maan","Dhurandhar - Title Track (From ""Dhurandhar"")"
Michael Bubl√©,Christmas (Baby Please Come Home)
Fall Out Boy,It Feels Like Christmas (Spotify Singles Holiday)
"Michael Bubl√©, Shania Twain",White Christmas (with Shania Twain)
"Shashwat Sachdev, Arijit Singh, Irshad Kamil, Armaan Khan","Gehra Hua (From ""Dhurandhar"")"
Cher,DJ Play A Christmas Song
Ravyn Lenae,O Holy Night - Spotify Singles Holiday
Vitinho Imperador,Eu Me Apaixonei
Bryan Adams,Christmas Time
Melanie Thornton,Wonderful Dream (Holidays Are Coming) - Radio Version
Bleachers,"Merry Christmas, Please Don't Call"
Michael Bubl√©,I'll Be Home for Christmas
Michael Bubl√©,Have Yourself a Merry Little Christmas
"John Legend, Stevie Wonder",What Christmas Means to Me (feat. Stevie Wonder)
"Peso Pluma, Tito Double P",dopamina
"Peso Pluma, Tito Double P",bckpckbyz
"Peso Pluma, Tito Double P",ni pedo
"Peso Pluma, Tito Double P",da√±o
"Peso Pluma, Tito Double P",7-3
"PEDRO SAMPAIO, MC Meno K, Melody",JETSKI
"Disney, Shakira",Zoo
The Clash,Should I Stay or Should I Go - Remastered
"Grupo Menos √â Mais, NATTAN",Pela √öltima Vez - Ao Vivo
"Peso Pluma, Tito Double P",putielegante
"Panda, MJ Records",Eu Te Seguro - Ao Vivo
